Date,CME_Actual_Price
2018-01-02,42.6655
2018-01-03,42.5905
2018-01-04,41.1207
2018-01-05,41.9673
2018-01-08,41.7707
2018-01-09,41.0655
2018-01-10,40.0552
2018-01-11,39.4552
2018-01-12,37.5552
2018-01-16,38.1052
2018-01-17,37.2552
2018-01-18,37.1052
2018-01-19,37.3052
2018-01-22,36.7425
2018-01-23,37.4339
2018-01-24,35.459
2018-01-25,35.3487
2018-01-26,35.4056
2018-01-29,35.8384
2018-01-30,35.7502
2018-01-31,35.0898
2018-02-01,34.2157
2018-02-02,36.8295
2018-02-05,42.1581
2018-02-06,39.4323
2018-02-07,39.3244
2018-02-08,43.3262
2018-02-09,41.3038
2018-02-12,39.5581
2018-02-13,39.0011
2018-02-14,35.5658
2018-02-15,36.2029
2018-02-16,35.914
2018-02-20,36.1615
2018-02-21,36.2891
2018-02-22,37.1166
2018-02-23,33.9382
2018-02-26,32.2986
2018-02-27,33.477
2018-02-28,35.1459
2018-03-01,36.8485
2018-03-02,37.4235
2018-03-05,35.4623
2018-03-06,35.6726
2018-03-07,36.0674
2018-03-08,36.1174
2018-03-09,33.0037
2018-03-12,33.4649
2018-03-13,34.8019
2018-03-14,35.8364
2018-03-15,35.4967
2018-03-16,35.0838
2018-03-19,36.82
2018-03-20,35.8243
2018-03-21,35.895
2018-03-22,40.957
2018-03-23,43.7622
2018-03-26,39.4622
2018-03-27,42.8217
2018-03-28,42.6415
2018-03-29,39.757
2018-04-02,42.8208
2018-04-03,41.5708
2018-04-04,38.9113
2018-04-05,37.5622
2018-04-06,41.0113
2018-04-09,38.9311
2018-04-10,37.9829
2018-04-11,39.4665
2018-04-12,37.1139
2018-04-13,39.9397
2018-04-16,39.8785
2018-04-17,39.638
2018-04-18,40.6328
2018-04-19,38.3837
2018-04-20,38.9389
2018-04-23,38.8983
2018-04-24,39.938
2018-04-25,40.3276
2018-04-26,39.8673
2018-04-27,40.5112
2018-04-30,41.1716
2018-05-01,41.3561
2018-05-02,42.1759
2018-05-03,42.9811
2018-05-04,41.5561
2018-05-07,40.8861
2018-05-08,39.1674
2018-05-09,36.6648
2018-05-10,35.8303
2018-05-11,36.6432
2018-05-14,36.6225
2018-05-15,37.6131
2018-05-16,36.8467
2018-05-17,37.4915
2018-05-18,39.2906
2018-05-21,37.8104
2018-05-22,36.551
2018-05-23,37.9656
2018-05-24,38.1397
2018-05-25,39.619
2018-05-29,44.1983
2018-05-30,42.0483
2018-05-31,43.2535
2018-06-01,42.0182
2018-06-04,42.4682
2018-06-05,43.1432
2018-06-06,40.1087
2018-06-07,39.5889
2018-06-08,39.1242
2018-06-11,39.5139
2018-06-12,40.2837
2018-06-13,40.3846
2018-06-14,42.3035
2018-06-15,42.4837
2018-06-18,42.1932
2018-06-19,42.9276
2018-06-20,42.9828
2018-06-21,42.7483
2018-06-22,44.6182
2018-06-25,45.688
2018-06-26,45.9432
2018-06-27,47.143
2018-06-28,45.1535
2018-06-29,45.4432
2018-07-02,45.7578
2018-07-03,46.4466
2018-07-05,46.2673
2018-07-06,45.9664
2018-07-09,43.0587
2018-07-10,43.3794
2018-07-11,43.5846
2018-07-12,43.288
2018-07-13,43.6983
2018-07-16,39.9492
2018-07-17,39.4389
2018-07-18,37.8389
2018-07-19,40.1035
2018-07-20,38.8642
2018-07-23,36.5199
2018-07-24,35.801
2018-07-25,35.2811
2018-07-26,35.376
2018-07-27,34.7863
2018-07-30,33.9381
2018-07-31,35.4608
2018-08-01,34.8217
2018-08-02,34.582
2018-08-03,32.5863
2018-08-06,33.5113
2018-08-07,32.9104
2018-08-08,32.5647
2018-08-09,33.7104
2018-08-10,35.1699
2018-08-13,37.2396
2018-08-14,36.1544
2018-08-15,37.2492
2018-08-16,36.119
2018-08-17,36.2035
2018-08-20,36.295
2018-08-21,35.1553
2018-08-22,35.5846
2018-08-23,36.1639
2018-08-24,36.5686
2018-08-27,34.776
2018-08-28,35.6407
2018-08-29,34.6002
2018-08-30,35.62
2018-08-31,36.4088
2018-09-04,35.7295
2018-09-05,36.3286
2018-09-06,36.8079
2018-09-07,36.2863
2018-09-10,36.8415
2018-09-11,36.307
2018-09-12,37.7604
2018-09-13,37.2156
2018-09-14,37.2346
2018-09-17,37.0001
2018-09-18,36.3604
2018-09-19,32.9975
2018-09-20,32.3941
2018-09-21,33.1493
2018-09-24,34.1975
2018-09-25,34.3924
2018-09-26,36.0311
2018-09-27,36.2354
2018-09-28,37.8932
2018-10-01,37.4897
2018-10-02,37.1458
2018-10-03,35.8199
2018-10-04,35.0165
2018-10-05,36.1811
2018-10-08,35.532
2018-10-09,36.6708
2018-10-10,39.2969
2018-10-11,42.1303
2018-10-12,43.2569
2018-10-15,43.5121
2018-10-16,41.6518
2018-10-17,40.4871
2018-10-18,42.1621
2018-10-19,42.1164
2018-10-22,43.7966
2018-10-23,44.6518
2018-10-24,46.9268
2018-10-25,45.3518
2018-10-26,46.7018
2018-10-29,45.4621
2018-10-30,43.5466
2018-10-31,41.3173
2018-11-01,41.4569
2018-11-02,42.1518
2018-11-05,41.7303
2018-11-06,
2018-11-07,39.1734
2018-11-08,38.7346
2018-11-09,39.539
2018-11-12,41.7338
2018-11-13,40.8639
2018-11-14,43.2018
2018-11-15,40.8648
2018-11-16,40.7088
2018-11-19,40.2174
2018-11-20,42.4365
2018-11-21,43.0451
2018-11-23,44.176
2018-11-26,41.5053
2018-11-27,41.4588
2018-11-28,39.8846
2018-11-29,40.8752
2018-11-30,39.8682
2018-12-03,39.0684
2018-12-04,43.5829
2018-12-06,45.6208
2018-12-07,47.3449
2018-12-10,49.1828
2018-12-11,50.2276
2018-12-12,49.4673
2018-12-13,49.6173
2018-12-14,50.3932
2018-12-17,51.5518
2018-12-18,52.0268
2018-12-19,53.2423
2018-12-20,54.3776
2018-12-21,56.5768
2018-12-24,58.4569
2018-12-26,54.9268
2018-12-27,53.8966
2018-12-28,53.9621
2018-12-31,53.1862
2019-01-02,51.4912
2019-01-03,53.0664
2019-01-04,49.2311
2019-01-07,49.1311
2019-01-08,49.4862
2019-01-09,
2019-01-10,49.6362
2019-01-11,49.9914
2019-01-14,49.0518
2019-01-15,48.4155
2019-01-16,47.4811
2019-01-17,47.2311
2019-01-18,45.4759
2019-01-22,47.1259
2019-01-23,47.2759
2019-01-24,47.3009
2019-01-25,46.4457
2019-01-28,46.1207
2019-01-29,45.5707
2019-01-30,45.4457
2019-01-31,46.5768
2019-02-01,46.094
2019-02-04,45.9207
2019-02-05,46.3217
2019-02-06,46.2966
2019-02-07,47.8966
2019-02-08,48.8415
2019-02-11,49.2863
2019-02-12,47.5414
2019-02-13,47.0862
2019-02-14,
2019-02-15,44.7225
2019-02-19,45.0966
2019-02-20,47.2085
2019-02-21,44.8017
2019-02-22,45.6663
2019-02-25,44.037
2019-02-26,45.0965
2019-02-27,45.3362
2019-02-28,45.9664
2019-03-01,45.8414
2019-03-04,46.3913
2019-03-05,46.131
2019-03-06,46.456
2019-03-07,47.631
2019-03-08,47.581
2019-03-11,46.131
2019-03-12,46.4259
2019-03-13,45.9509
2019-03-14,45.0509
2019-03-15,46.382
2019-03-18,43.4259
2019-03-19,43.4509
2019-03-20,45.8957
2019-03-21,47.7207
2019-03-22,50.7958
2019-03-25,51.9309
2019-03-26,50.8708
2019-03-27,50.9708
2019-03-28,50.0707
2019-03-29,49.4707
2019-04-01,46.1707
2019-04-02,45.7207
2019-04-03,45.4706
2019-04-04,44.5213
2019-04-05,44.8206
2019-04-08,44.4205
2019-04-09,45.1205
2019-04-10,44.5705
2019-04-11,43.7204
2019-04-12,39.0005
2019-04-15,40.1255
2019-04-16,39.0754
2019-04-17,35.9608
2019-04-18,36.8954
2019-04-22,36.6802
2019-04-23,36.0301
2019-04-24,36.68
2019-04-25,36.6799
2019-04-26,36.2434
2019-04-29,34.3347
2019-04-30,34.7796
2019-05-01,35.2746
2019-05-02,35.4197
2019-05-03,34.5892
2019-05-06,35.6744
2019-05-07,37.8816
2019-05-08,38.1716
2019-05-09,38.3486
2019-05-10,38.2534
2019-05-13,41.2486
2019-05-14,40.2389
2019-05-15,40.6035
2019-05-16,39.1487
2019-05-17,39.9085
2019-05-20,39.4488
2019-05-21,38.8988
2019-05-22,39.7135
2019-05-23,41.949
2019-05-24,40.949
2019-05-28,42.129
2019-05-29,43.0091
2019-05-30,44.1894
2019-05-31,44.7744
2019-06-03,44.6245
2019-06-04,41.0246
2019-06-05,40.3696
2019-06-06,40.7746
2019-06-07,41.7996
2019-06-10,40.3996
2019-06-11,40.0795
2019-06-12,41.5446
2019-06-13,41.3696
2019-06-14,40.8946
2019-06-17,41.5896
2019-06-18,40.1096
2019-06-19,40.9796
2019-06-20,40.7293
2019-06-21,41.6281
2019-06-24,42.3545
2019-06-25,43.5545
2019-06-26,42.7795
2019-06-27,42.354
2019-06-28,39.5332
2019-07-01,37.5141
2019-07-02,37.564
2019-07-03,37.8091
2019-07-05,37.5243
2019-07-08,37.5791
2019-07-09,37.1589
2019-07-10,37.9193
2019-07-11,36.4039
2019-07-12,35.6039
2019-07-15,37.3538
2019-07-16,35.274
2019-07-17,36.774
2019-07-18,36.4239
2019-07-19,37.1489
2019-07-22,36.4739
2019-07-23,34.1037
2019-07-24,33.8287
2019-07-25,35.1239
2019-07-26,34.4287
2019-07-29,34.999
2019-07-30,34.849
2019-07-31,35.0222
2019-08-01,38.1741
2019-08-02,37.9742
2019-08-05,41.718
2019-08-06,40.8293
2019-08-07,42.7696
2019-08-08,41.2495
2019-08-09,41.5595
2019-08-12,42.6997
2019-08-13,42.0048
2019-08-14,45.8848
2019-08-15,45.595
2019-08-16,42.985
2019-08-19,42.2051
2019-08-20,43.6652
2019-08-21,43.1256
2019-08-22,42.0108
2019-08-23,45.1809
2019-08-26,44.2713
2019-08-27,45.7063
2019-08-28,44.3564
2019-08-29,41.8468
2019-08-30,41.2969
2019-09-03,
2019-09-04,41.082
2019-09-05,38.7772
2019-09-06,38.6368
2019-09-09,36.7174
2019-09-10,35.4524
2019-09-11,35.007
2019-09-12,33.9507
2019-09-13,32.4354
2019-09-16,32.9451
2019-09-17,33.5198
2019-09-18,32.3844
2019-09-19,32.5439
2019-09-20,32.4835
2019-09-23,34.2236
2019-09-24,34.8586
2019-09-25,34.0833
2019-09-26,34.9987
2019-09-27,34.4628
2019-09-30,34.6625
2019-10-01,36.4531
2019-10-02,38.878
2019-10-03,39.2488
2019-10-04,36.8286
2019-10-07,36.8988
2019-10-08,39.2982
2019-10-09,38.5184
2019-10-10,37.1033
2019-10-11,35.0979
2019-10-14,34.9288
2019-10-15,31.6373
2019-10-16,31.8536
2019-10-17,31.2584
2019-10-18,30.7687
2019-10-21,28.6024
2019-10-22,28.1695
2019-10-23,27.3163
2019-10-24,27.3611
2019-10-25,26.6048
2019-10-28,25.9591
2019-10-29,26.0986
2019-10-30,26.8423
2019-10-31,27.6874
2019-11-01,25.2462
2019-11-04,26.0364
2019-11-05,26.5135
2019-11-06,26.274
2019-11-07,25.5957
2019-11-08,25.7631
2019-11-11,25.7076
2019-11-12,26.2868
2019-11-13,26.8705
2019-11-14,26.6701
2019-11-15,26.0944
2019-11-18,25.2734
2019-11-19,25.4492
2019-11-20,26.0461
2019-11-21,25.7346
2019-11-22,25.0096
2019-11-25,24.5254
2019-11-26,24.1369
2019-11-27,24.03
2019-11-29,24.2413
2019-12-02,24.4412
2019-12-03,25.7461
2019-12-04,24.032
2019-12-05,23.5021
2019-12-06,22.171
2019-12-09,22.6409
2019-12-10,22.5575
2019-12-11,22.7632
2019-12-12,21.073
2019-12-13,21.0692
2019-12-16,20.4577
2019-12-17,19.837
2019-12-18,19.7535
2019-12-19,20.2171
2019-12-20,19.4959
2019-12-23,19.854
2019-12-24,19.5126
2019-12-26,18.8341
2019-12-27,18.6082
2019-12-30,19.0197
2019-12-31,18.4731
2020-01-02,17.2933
2020-01-03,19.1505
2020-01-06,19.2751
2020-01-07,20.8083
2020-01-08,20.2416
2020-01-09,19.6165
2020-01-10,20.429
2020-01-13,19.4082
2020-01-14,18.6248
2020-01-15,19.654
2020-01-16,19.1041
2020-01-17,18.3792
2020-01-21,19.546
2020-01-22,19.442
2020-01-23,19.8048
2020-01-24,22.2636
2020-01-27,23.3182
2020-01-28,21.3266
2020-01-29,21.5099
2020-01-30,20.3606
2020-01-31,23.0231
2020-02-03,22.2112
2020-02-04,20.9926
2020-02-05,19.4863
2020-02-06,19.2858
2020-02-07,19.6103
2020-02-10,19.3896
2020-02-11,19.006
2020-02-12,18.8433
2020-02-13,18.9434
2020-02-14,19.0462
2020-02-18,21.0871
2020-02-19,19.625
2020-02-20,19.6673
2020-02-21,20.9418
2020-02-24,23.9782
2020-02-25,29.0984
2020-02-26,28.3411
2020-02-27,32.5797
2020-02-28,39.3099
2020-03-02,34.0811
2020-03-03,37.5981
2020-03-04,35.1168
2020-03-05,40.169
2020-03-06,46.0717
2020-03-09,60.6004
2020-03-10,53.056
2020-03-11,57.9642
2020-03-12,65.6677
2020-03-13,50.9994
2020-03-16,65.4895
2020-03-17,60.8446
2020-03-18,72.3361
2020-03-19,68.6639
2020-03-20,70.2217
2020-03-23,73.639
2020-03-24,64.5928
2020-03-25,63.3739
2020-03-26,54.7565
2020-03-27,61.6852
2020-03-30,58.9551
2020-03-31,62.5356
2020-04-01,68.1345
2020-04-02,64.8336
2020-04-03,67.1081
2020-04-06,62.3847
2020-04-07,60.8667
2020-04-08,57.6168
2020-04-09,49.8779
2020-04-13,54.8049
2020-04-14,56.9807
2020-04-15,61.6436
2020-04-16,65.0322
2020-04-17,57.912
2020-04-20,61.05
2020-04-21,63.4759
2020-04-22,63.1474
2020-04-23,63.1051
2020-04-24,61.904
2020-04-27,57.8262
2020-04-28,57.3091
2020-04-29,54.9706
2020-04-30,56.7878
2020-05-01,59.4846
2020-05-04,61.3396
2020-05-05,61.5314
2020-05-06,63.2342
2020-05-07,62.4266
2020-05-08,60.9327
2020-05-11,63.3706
2020-05-12,66.0024
2020-05-13,69.0457
2020-05-14,66.2355
2020-05-15,67.526
2020-05-18,61.9508
2020-05-19,64.3005
2020-05-20,61.8413
2020-05-21,62.9462
2020-05-22,63.4331
2020-05-26,57.6698
2020-05-27,53.0799
2020-05-28,53.9923
2020-05-29,56.3174
2020-06-01,55.1925
2020-06-02,54.6802
2020-06-03,50.1163
2020-06-04,48.8051
2020-06-05,45.0907
2020-06-08,43.835
2020-06-09,44.3746
2020-06-10,48.3025
2020-06-11,55.7872
2020-06-12,53.0645
2020-06-15,53.2225
2020-06-16,52.4353
2020-06-17,54.3524
2020-06-18,54.9235
2020-06-19,56.3242
2020-06-22,57.0706
2020-06-23,
2020-06-24,59.1103
2020-06-25,56.3949
2020-06-26,61.1926
2020-06-29,60.8993
2020-06-30,59.6379
2020-07-01,60.2673
2020-07-02,59.9213
2020-07-06,57.9123
2020-07-07,60.4685
2020-07-08,59.8802
2020-07-09,61.7726
2020-07-10,57.1169
2020-07-13,56.9951
2020-07-14,54.4872
2020-07-15,53.0819
2020-07-16,53.0426
2020-07-17,55.503
2020-07-20,55.6329
2020-07-21,53.9899
2020-07-22,54.5875
2020-07-23,54.3416
2020-07-24,55.0479
2020-07-27,55.9536
2020-07-28,55.4927
2020-07-29,53.4814
2020-07-30,55.7867
2020-07-31,56.1004
2020-08-03,57.2271
2020-08-04,57.8354
2020-08-05,56.2949
2020-08-06,56.4049
2020-08-07,54.4798
2020-08-10,53.483
2020-08-11,50.804
2020-08-12,51.5155
2020-08-13,52.1035
2020-08-14,51.9021
2020-08-17,54.1468
2020-08-18,55.8174
2020-08-19,55.4872
2020-08-20,56.4219
2020-08-21,56.3411
2020-08-24,54.0087
2020-08-25,53.5861
2020-08-26,54.7575
2020-08-27,52.085
2020-08-28,52.0548
2020-08-31,53.8955
2020-09-01,54.3746
2020-09-02,53.6586
2020-09-03,53.7692
2020-09-04,52.1373
2020-09-08,54.6539
2020-09-09,53.4856
2020-09-10,54.434
2020-09-11,53.2938
2020-09-14,52.1708
2020-09-15,55.3539
2020-09-16,54.3387
2020-09-17,55.6979
2020-09-18,55.2826
2020-09-21,58.6151
2020-09-22,59.5854
2020-09-23,60.7588
2020-09-24,60.741
2020-09-25,60.3309
2020-09-28,57.5285
2020-09-29,58.1265
2020-09-30,57.0975
2020-10-01,56.227
2020-10-02,55.953
2020-10-05,53.623
2020-10-06,54.9638
2020-10-07,54.1975
2020-10-08,52.5415
2020-10-09,52.5617
2020-10-12,51.0254
2020-10-13,52.1598
2020-10-14,52.5831
2020-10-15,51.1291
2020-10-16,51.3876
2020-10-19,53.0372
2020-10-20,52.7834
2020-10-21,53.0369
2020-10-22,49.9612
2020-10-23,49.5711
2020-10-26,51.6432
2020-10-27,53.4472
2020-10-28,56.0588
2020-10-29,55.3579
2020-10-30,54.7248
2020-11-02,52.2634
2020-11-03,50.8523
2020-11-04,53.2269
2020-11-05,49.5768
2020-11-06,51.2677
2020-11-09,40.696
2020-11-10,38.8533
2020-11-11,39.2328
2020-11-12,41.5161
2020-11-13,40.8431
2020-11-16,38.5708
2020-11-17,39.2349
2020-11-18,40.0567
2020-11-19,39.824
2020-11-20,44.3408
2020-11-23,42.094
2020-11-24,39.5498
2020-11-25,40.1899
2020-11-27,40.3508
2020-11-30,42.3725
2020-12-01,39.8025
2020-12-02,38.1742
2020-12-03,36.8488
2020-12-04,39.1406
2020-12-07,39.2956
2020-12-08,38.5801
2020-12-09,39.2483
2020-12-10,40.192
2020-12-11,39.9578
2020-12-14,40.8327
2020-12-15,39.9744
2020-12-16,39.4349
2020-12-17,39.8158
2020-12-18,40.1688
2020-12-21,38.5971
2020-12-22,38.9353
2020-12-23,37.3499
2020-12-24,34.5068
2020-12-28,34.0095
2020-12-29,33.6925
2020-12-30,33.1714
2020-12-31,32.2968
2021-01-04,33.4738
2021-01-05,32.9903
2021-01-06,28.761
2021-01-07,32.5603
2021-01-08,33.4735
2021-01-11,33.0053
2021-01-12,27.1909
2021-01-13,24.5684
2021-01-14,26.6343
2021-01-15,26.6828
2021-01-19,27.1053
2021-01-20,26.5958
2021-01-21,27.7335
2021-01-22,31.1093
2021-01-25,32.076
2021-01-26,32.017
2021-01-27,35.6888
2021-01-28,33.6316
2021-01-29,34.6792
2021-02-01,30.9023
2021-02-02,28.4617
2021-02-03,27.6567
2021-02-04,25.48
2021-02-05,25.2368
2021-02-08,24.7256
2021-02-09,24.2915
2021-02-10,24.317
2021-02-11,26.1353
2021-02-12,25.1766
2021-02-16,24.3646
2021-02-17,23.8013
2021-02-18,23.4359
2021-02-19,22.8718
2021-02-22,28.8734
2021-02-23,28.9716
2021-02-24,29.251
2021-02-25,29.9777
2021-02-26,23.0373
2021-03-01,20.4107
2021-03-02,26.567
2021-03-03,27.1413
2021-03-04,26.0636
2021-03-05,20.3823
2021-03-08,20.2447
2021-03-09,23.4511
2021-03-10,17.7073
2021-03-11,20.8147
2021-03-12,16.5327
2021-03-15,16.1548
2021-03-16,19.0046
2021-03-17,16.0723
2021-03-18,17.7674
2021-03-19,18.3603
2021-03-22,18.5144
2021-03-23,18.4689
2021-03-24,17.8021
2021-03-25,16.4782
2021-03-26,15.6765
2021-03-29,16.8299
2021-03-30,15.488
2021-03-31,16.0919
2021-04-01,15.1485
2021-04-02,
2021-04-05,17.6491
2021-04-06,18.1819
2021-04-07,17.2241
2021-04-08,17.2287
2021-04-09,17.0717
2021-04-12,16.8105
2021-04-13,17.6271
2021-04-14,18.6213
2021-04-15,18.3771
2021-04-16,17.1422
2021-04-19,17.5954
2021-04-20,18.0408
2021-04-21,17.7121
2021-04-22,18.7764
2021-04-23,17.3928
2021-04-26,19.0768
2021-04-27,17.8745
2021-04-28,16.2776
2021-04-29,15.6806
2021-04-30,16.3401
2021-05-03,16.4995
2021-05-04,16.1977
2021-05-05,15.0471
2021-05-06,14.6506
2021-05-07,13.3733
2021-05-10,13.7561
2021-05-11,15.7617
2021-05-12,16.4502
2021-05-13,14.9948
2021-05-14,14.0038
2021-05-17,14.6115
2021-05-18,14.9427
2021-05-19,15.5521
2021-05-20,15.3495
2021-05-21,14.1316
2021-05-24,13.7245
2021-05-25,13.4786
2021-05-26,13.2151
2021-05-27,12.6358
2021-05-28,12.6693
2021-06-01,12.3706
2021-06-02,12.5738
2021-06-03,12.7956
2021-06-04,12.1732
2021-06-07,11.9764
2021-06-08,11.917
2021-06-09,12.9875
2021-06-10,12.9931
2021-06-11,13.3026
2021-06-14,14.1024
2021-06-15,14.9789
2021-06-16,13.9497
2021-06-17,15.4789
2021-06-18,18.3662
2021-06-21,16.7432
2021-06-22,15.9951
2021-06-23,15.8529
2021-06-24,15.0047
2021-06-25,14.3286
2021-06-28,14.4031
2021-06-29,13.766
2021-06-30,13.7712
2021-07-01,13.8902
2021-07-02,13.6052
2021-07-06,14.128
2021-07-07,13.2732
2021-07-08,14.9501
2021-07-09,13.5006
2021-07-12,12.6927
2021-07-13,13.2857
2021-07-14,13.7009
2021-07-15,13.7806
2021-07-16,15.0184
2021-07-19,18.1158
2021-07-20,16.9258
2021-07-21,14.8529
2021-07-22,15.3774
2021-07-23,15.3741
2021-07-26,15.4126
2021-07-27,15.2865
2021-07-28,15.0566
2021-07-29,14.2654
2021-07-30,14.6827
2021-08-02,15.0123
2021-08-03,14.3852
2021-08-04,14.9783
2021-08-05,14.3054
2021-08-06,12.7849
2021-08-09,12.9476
2021-08-10,12.2289
2021-08-11,11.7252
2021-08-12,11.626
2021-08-13,12.0202
2021-08-16,12.1318
2021-08-17,12.9897
2021-08-18,13.663
2021-08-19,14.4254
2021-08-20,13.4473
2021-08-23,13.721
2021-08-24,13.4926
2021-08-25,12.6473
2021-08-26,12.4009
2021-08-27,11.9719
2021-08-30,12.2291
2021-08-31,12.2914
2021-09-01,12.3836
2021-09-02,11.9055
2021-09-03,12.2477
2021-09-07,12.0239
2021-09-08,12.5181
2021-09-09,12.7058
2021-09-10,11.7652
2021-09-13,10.7706
2021-09-14,12.4842
2021-09-15,12.2578
2021-09-16,11.1441
2021-09-17,11.3886
2021-09-20,13.7465
2021-09-21,13.7035
2021-09-22,12.0532
2021-09-23,10.1622
2021-09-24,9.4118
2021-09-27,9.887
2021-09-28,10.1603
2021-09-29,10.5406
2021-09-30,11.2549
2021-10-01,10.7241
2021-10-04,17.2438
2021-10-05,15.3865
2021-10-06,15.7248
2021-10-07,14.8695
2021-10-08,14.2915
2021-10-11,15.0501
2021-10-12,14.221
2021-10-13,15.306
2021-10-14,14.623
2021-10-15,13.8669
2021-10-18,13.9235
2021-10-19,14.2014
2021-10-20,13.5572
2021-10-21,12.3245
2021-10-22,11.8881
2021-10-25,11.7979
2021-10-26,11.6094
2021-10-27,12.8729
2021-10-28,11.8941
2021-10-29,11.6152
2021-11-01,11.9114
2021-11-02,11.7364
2021-11-03,11.6114
2021-11-04,12.2115
2021-11-05,14.4146
2021-11-08,14.4959
2021-11-09,14.232
2021-11-10,15.3748
2021-11-11,14.3274
2021-11-12,12.2349
2021-11-15,12.3428
2021-11-16,11.832
2021-11-17,15.8696
2021-11-18,16.0091
2021-11-19,16.4605
2021-11-22,12.9528
2021-11-23,12.336
2021-11-24,12.7643
2021-11-26,19.2816
2021-11-29,17.0422
2021-11-30,16.086
2021-12-01,16.7324
2021-12-02,19.1502
2021-12-03,20.908
2021-12-06,18.9635
2021-12-07,13.8796
2021-12-08,14.6489
2021-12-09,14.5354
2021-12-10,14.3469
2021-12-13,15.1462
2021-12-14,14.7382
2021-12-15,17.8523
2021-12-16,18.723
2021-12-17,19.5437
2021-12-20,20.5841
2021-12-21,19.1803
2021-12-22,18.5762
2021-12-23,18.2406
2021-12-27,14.4865
2021-12-28,14.5162
2021-12-29,14.1775
2021-12-30,14.3843
2021-12-31,14.2552
2022-01-03,12.9844
2022-01-04,11.8505
2022-01-05,12.2826
2022-01-06,12.6934
2022-01-07,12.3159
2022-01-10,19.7982
2022-01-11,19.0737
2022-01-12,19.2758
2022-01-13,19.685
2022-01-14,18.7584
2022-01-18,17.3122
2022-01-19,17.7394
2022-01-20,18.3584
2022-01-21,19.57
2022-01-24,24.433
2022-01-25,22.6929
2022-01-26,22.3342
2022-01-27,22.9824
2022-01-28,21.0848
2022-01-31,17.7058
2022-02-01,16.4844
2022-02-02,16.7727
2022-02-03,17.3842
2022-02-04,16.0192
2022-02-07,21.3156
2022-02-08,21.5969
2022-02-09,21.0633
2022-02-10,21.7448
2022-02-11,22.0661
2022-02-14,22.2035
2022-02-15,23.1526
2022-02-16,22.914
2022-02-17,17.0243
2022-02-18,17.0709
2022-02-22,18.1382
2022-02-23,19.142
2022-02-24,20.502
2022-02-25,26.0736
2022-02-28,27.119
2022-03-01,30.3135
2022-03-02,28.081
2022-03-03,23.5591
2022-03-04,25.8273
2022-03-07,29.0992
2022-03-08,33.6578
2022-03-09,26.2052
2022-03-10,27.1005
2022-03-11,28.8805
2022-03-14,28.138
2022-03-15,26.5939
2022-03-16,31.3773
2022-03-17,22.5024
2022-03-18,21.1868
2022-03-21,22.4589
2022-03-22,21.5418
2022-03-23,22.5946
2022-03-24,21.9772
2022-03-25,21.9962
2022-03-28,21.6976
2022-03-29,21.1105
2022-03-30,20.5347
2022-03-31,23.0151
2022-04-01,23.4691
2022-04-04,25.3276
2022-04-05,26.1117
2022-04-06,27.2148
2022-04-07,29.3419
2022-04-08,28.0886
2022-04-11,29.2642
2022-04-12,28.9747
2022-04-13,29.6419
2022-04-14,30.4038
2022-04-18,28.9204
2022-04-19,27.3674
2022-04-20,26.7296
2022-04-21,27.7471
2022-04-22,30.2064
2022-04-25,30.6006
2022-04-26,37.0006
2022-04-27,37.0353
2022-04-28,32.6249
2022-04-29,35.9971
2022-05-02,35.0478
2022-05-03,32.8612
2022-05-04,29.8542
2022-05-05,32.6174
2022-05-06,33.184
2022-05-09,34.8583
2022-05-10,36.7567
2022-05-11,37.1469
2022-05-12,41.542
2022-05-13,40.1686
2022-05-16,37.1105
2022-05-17,33.7529
2022-05-18,35.7918
2022-05-19,36.6542
2022-05-20,37.381
2022-05-23,33.4807
2022-05-24,33.1659
2022-05-25,32.5724
2022-05-26,31.4489
2022-05-27,30.7203
2022-05-31,30.6194
2022-06-01,30.8375
2022-06-02,31.3394
2022-06-03,31.5118
2022-06-06,31.21
2022-06-07,30.9239
2022-06-08,31.5221
2022-06-09,33.0868
2022-06-10,36.2188
2022-06-13,38.7044
2022-06-14,39.5808
2022-06-15,38.1029
2022-06-16,39.9145
2022-06-17,39.9296
2022-06-21,37.4102
2022-06-22,38.1264
2022-06-23,39.2568
2022-06-24,36.4783
2022-06-27,36.8686
2022-06-28,37.2095
2022-06-29,
2022-06-30,
2022-07-01,
2022-07-05,39.1228
2022-07-06,43.5507
2022-07-07,41.9395
2022-07-08,41.876
2022-07-11,42.7124
2022-07-12,43.2454
2022-07-13,39.7088
2022-07-14,42.9901
2022-07-15,38.6287
2022-07-18,39.5422
2022-07-19,36.8172
2022-07-20,37.0172
2022-07-21,36.2594
2022-07-22,36.8865
2022-07-25,36.5115
2022-07-26,38.0594
2022-07-27,36.5016
2022-07-28,36.9094
2022-07-29,36.0672
2022-08-01,40.2533
2022-08-02,41.3966
2022-08-03,40.3602
2022-08-04,41.4743
2022-08-05,39.3813
2022-08-08,40.3527
2022-08-09,39.5289
2022-08-10,37.3892
2022-08-11,37.3148
2022-08-12,36.2347
2022-08-15,35.9223
2022-08-16,35.5091
2022-08-17,36.0867
2022-08-18,36.1036
2022-08-19,38.1773
2022-08-22,40.8005
2022-08-23,41.0913
2022-08-24,40.8422
2022-08-25,39.4976
2022-08-26,41.7956
2022-08-29,41.7685
2022-08-30,37.8884
2022-08-31,38.3567
2022-09-01,37.8491
2022-09-02,38.4809
2022-09-06,38.3274
2022-09-07,36.427
2022-09-08,34.4907
2022-09-09,33.6219
2022-09-12,32.7154
2022-09-13,36.1501
2022-09-14,37.0764
2022-09-15,35.7249
2022-09-16,36.2636
2022-09-19,35.3491
2022-09-20,36.9166
2022-09-21,39.4765
2022-09-22,40.3865
2022-09-23,42.7006
2022-09-26,44.6183
2022-09-27,45.7684
2022-09-28,43.4979
2022-09-29,45.2418
2022-09-30,46.7708
2022-10-03,43.6054
2022-10-04,39.4993
2022-10-05,44.8124
2022-10-06,46.1003
2022-10-07,44.3911
2022-10-10,45.9502
2022-10-11,48.7288
2022-10-12,47.4051
2022-10-13,42.6786
2022-10-14,41.1147
2022-10-17,39.4
2022-10-18,38.6728
2022-10-19,39.2104
2022-10-20,39.4039
2022-10-21,38.1876
2022-10-24,38.0692
2022-10-25,36.6352
2022-10-26,36.3748
2022-10-27,36.0763
2022-10-28,35.5946
2022-10-31,35.3065
2022-11-01,34.7447
2022-11-02,34.7344
2022-11-03,43.2811
2022-11-04,43.3908
2022-11-07,34.4921
2022-11-08,33.6033
2022-11-09,33.3723
2022-11-10,33.6981
2022-11-11,32.0874
2022-11-14,31.5727
2022-11-15,31.3472
2022-11-16,38.4038
2022-11-17,35.6517
2022-11-18,30.6644
2022-11-21,30.5961
2022-11-22,29.4138
2022-11-23,29.6836
2022-11-25,29.4661
2022-11-28,28.5702
2022-11-29,29.0829
2022-11-30,28.0519
2022-12-01,28.8515
2022-12-02,34.8824
2022-12-05,35.1089
2022-12-06,35.6317
2022-12-07,35.998
2022-12-08,35.4659
2022-12-09,35.7656
2022-12-12,35.2618
2022-12-13,27.8457
2022-12-14,27.4746
2022-12-15,28.3326
2022-12-16,28.6754
2022-12-19,28.0451
2022-12-20,27.6407
2022-12-21,27.0056
2022-12-22,28.3277
2022-12-23,27.9693
2022-12-27,27.471
2022-12-28,27.6463
2022-12-29,27.6654
2022-12-30,27.5279
2023-01-03,27.4593
2023-01-04,27.1675
2023-01-05,28.0357
2023-01-06,27.443
2023-01-09,27.1802
2023-01-10,27.0307
2023-01-11,26.9281
2023-01-12,26.7084
2023-01-13,26.3347
2023-01-17,25.4521
2023-01-18,24.7469
2023-01-19,24.3013
2023-01-20,23.8147
2023-01-23,23.2563
2023-01-24,22.3352
2023-01-25,22.4402
2023-01-26,21.9315
2023-01-27,21.6923
2023-01-30,27.1662
2023-01-31,26.3938
2023-02-01,26.1257
2023-02-02,20.8813
2023-02-03,21.2854
2023-02-06,20.4673
2023-02-07,20.8631
2023-02-08,20.8286
2023-02-09,21.0073
2023-02-10,21.0319
2023-02-13,20.4105
2023-02-14,19.1884
2023-02-15,18.9308
2023-02-16,19.2609
2023-02-17,19.1116
2023-02-21,19.9235
2023-02-22,19.987
2023-02-23,19.3655
2023-02-24,19.4464
2023-02-27,18.8329
2023-02-28,18.9711
2023-03-01,18.7073
2023-03-02,19.5497
2023-03-03,24.6718
2023-03-06,24.3921
2023-03-07,25.0093
2023-03-08,19.0958
2023-03-09,24.3772
2023-03-10,23.2347
2023-03-13,24.8223
2023-03-14,21.7233
2023-03-15,26.5112
2023-03-16,23.8863
2023-03-17,28.4506
2023-03-20,26.2682
2023-03-21,23.9023
2023-03-22,26.1831
2023-03-23,26.8783
2023-03-24,28.1791
2023-03-27,25.1841
2023-03-28,24.8345
2023-03-29,24.165
2023-03-30,24.4954
2023-03-31,23.3362
2023-04-03,26.3508
2023-04-04,28.2361
2023-04-05,28.3741
2023-04-06,24.6869
2023-04-07,
2023-04-10,25.7117
2023-04-11,25.1221
2023-04-12,25.1069
2023-04-13,24.8421
2023-04-14,18.9818
2023-04-17,25.2389
2023-04-18,17.4429
2023-04-19,17.2751
2023-04-20,17.5538
2023-04-21,18.4913
2023-04-24,18.0687
2023-04-25,20.0868
2023-04-26,24.9823
2023-04-27,23.9259
2023-04-28,19.0894
2023-05-01,17.6319
2023-05-02,19.4564
2023-05-03,21.0646
2023-05-04,22.8675
2023-05-05,23.3928
2023-05-08,23.5796
2023-05-09,23.7226
2023-05-10,23.4867
2023-05-11,20.8387
2023-05-12,21.937
2023-05-15,20.9526
2023-05-16,21.3478
2023-05-17,18.8663
2023-05-18,18.23
2023-05-19,18.4751
2023-05-22,18.7425
2023-05-23,19.6944
2023-05-24,20.5944
2023-05-25,20.2084
2023-05-26,19.3021
2023-05-30,18.5745
2023-05-31,19.695
2023-06-01,18.4154
2023-06-02,16.2542
2023-06-05,19.9666
2023-06-06,20.0907
2023-06-07,19.4743
2023-06-08,19.2092
2023-06-09,19.2533
2023-06-12,18.9847
2023-06-13,18.8625
2023-06-14,15.6554
2023-06-15,14.9295
2023-06-16,14.3028
2023-06-20,14.906
2023-06-21,14.7761
2023-06-22,16.4526
2023-06-23,16.6764
2023-06-26,17.7769
2023-06-27,17.4968
2023-06-28,17.6601
2023-06-29,15.9408
2023-06-30,13.0288
2023-07-03,12.5985
2023-07-05,13.0639
2023-07-06,15.9712
2023-07-07,15.5753
2023-07-10,15.3488
2023-07-11,14.7494
2023-07-12,14.3331
2023-07-13,11.5075
2023-07-14,11.0046
2023-07-17,9.929
2023-07-18,9.6414
2023-07-19,9.4571
2023-07-20,9.0843
2023-07-21,9.1966
2023-07-24,11.6515
2023-07-25,11.809
2023-07-26,11.7603
2023-07-27,12.0141
2023-07-28,11.7668
2023-07-31,8.2747
2023-08-01,8.3069
2023-08-02,9.3439
2023-08-03,9.3098
2023-08-04,9.4125
2023-08-07,10.4909
2023-08-08,10.8735
2023-08-09,11.6312
2023-08-10,11.3901
2023-08-11,11.0528
2023-08-14,10.7651
2023-08-15,12.2103
2023-08-16,12.4521
2023-08-17,14.8735
2023-08-18,14.6938
2023-08-21,15.7757
2023-08-22,16.6888
2023-08-23,15.9953
2023-08-24,16.2128
2023-08-25,15.7447
2023-08-28,13.3986
2023-08-29,12.904
2023-08-30,13.0988
2023-08-31,13.9468
2023-09-01,14.187
2023-09-05,14.3523
2023-09-06,14.4318
2023-09-07,15.106
2023-09-08,14.5584
2023-09-11,15.8933
2023-09-12,15.396
2023-09-13,15.2845
2023-09-14,11.7935
2023-09-15,12.0215
2023-09-18,11.9745
2023-09-19,12.1039
2023-09-20,12.3701
2023-09-21,13.1419
2023-09-22,13.8743
2023-09-25,13.4361
2023-09-26,14.3459
2023-09-27,14.2044
2023-09-28,13.1325
2023-09-29,14.4455
2023-10-02,14.5693
2023-10-03,15.0236
2023-10-04,15.4943
2023-10-05,16.4561
2023-10-06,15.7099
2023-10-09,15.6812
2023-10-10,15.306
2023-10-11,15.0262
2023-10-12,14.6751
2023-10-13,12.5612
2023-10-16,12.4939
2023-10-17,12.2685
2023-10-18,13.2686
2023-10-19,13.6548
2023-10-20,16.1935
2023-10-23,16.7659
2023-10-24,16.51
2023-10-25,17.0362
2023-10-26,16.2804
2023-10-27,19.1099
2023-10-30,17.7057
2023-10-31,17.7428
2023-11-01,17.5575
2023-11-02,16.2312
2023-11-03,14.1456
2023-11-06,13.3033
2023-11-07,13.3358
2023-11-08,15.4804
2023-11-09,15.7091
2023-11-10,14.9123
2023-11-13,12.5911
2023-11-14,11.5709
2023-11-15,11.138
2023-11-16,10.8099
2023-11-17,10.6136
2023-11-20,12.5313
2023-11-21,12.187
2023-11-22,12.2653
2023-11-24,12.3287
2023-11-27,12.1802
2023-11-28,13.0863
2023-11-29,12.082
2023-11-30,13.2004
2023-12-01,13.2804
2023-12-04,13.4331
2023-12-05,13.3821
2023-12-06,13.0879
2023-12-07,13.773
2023-12-08,13.9
2023-12-11,18.6057
2023-12-12,18.5982
2023-12-13,18.4555
2023-12-14,19.1569
2023-12-15,19.6217
2023-12-18,20.1334
2023-12-19,13.965
2023-12-20,13.4303
2023-12-21,14.2576
2023-12-22,14.0363
2023-12-26,14.2011
2023-12-27,18.7585
2023-12-28,18.7456
2023-12-29,17.7737
2024-01-02,18.7077
2024-01-03,18.5474
2024-01-04,19.2438
2024-01-05,19.813
2024-01-08,13.0305
2024-01-09,12.444
2024-01-10,12.316
2024-01-11,11.884
2024-01-12,10.1106
2024-01-16,9.3784
2024-01-17,16.5946
2024-01-18,16.4413
2024-01-19,17.1673
2024-01-22,16.8783
2024-01-23,16.1024
2024-01-24,16.8661
2024-01-25,18.1731
2024-01-26,18.0286
2024-01-29,18.2997
2024-01-30,20.463
2024-01-31,19.9584
2024-02-01,19.1072
2024-02-02,19.9651
2024-02-05,20.2397
2024-02-06,20.3381
2024-02-07,20.9413
2024-02-08,20.5773
2024-02-09,19.9776
2024-02-12,21.0678
2024-02-13,19.9266
2024-02-14,21.4499
2024-02-15,23.3788
2024-02-16,23.7472
2024-02-20,23.2672
2024-02-21,23.7172
2024-02-22,24.6788
2024-02-23,25.3799
2024-02-26,25.6475
2024-02-27,24.6216
2024-02-28,18.9782
2024-02-29,19.9167
2024-03-01,19.6471
2024-03-04,21.5096
2024-03-05,22.5933
2024-03-06,24.6533
2024-03-07,22.247
2024-03-08,22.5163
2024-03-11,26.698
2024-03-12,27.0411
2024-03-13,27.6906
2024-03-14,17.7073
2024-03-15,19.8537
2024-03-18,21.2035
2024-03-19,22.1493
2024-03-20,26.0364
2024-03-21,28.1428
2024-03-22,26.0087
2024-03-25,18.8087
2024-03-26,18.9227
2024-03-27,21.9891
2024-03-28,23.9585
2024-04-01,24.2831
2024-04-02,23.8301
2024-04-03,23.0335
2024-04-04,15.3469
2024-04-05,15.9829
2024-04-08,17.0572
2024-04-09,15.5262
2024-04-10,14.1868
2024-04-11,14.269
2024-04-12,7.4031
2024-04-15,7.6643
2024-04-16,6.672
2024-04-17,6.229
2024-04-18,14.9416
2024-04-19,17.1276
2024-04-22,18.9871
2024-04-23,15.9295
2024-04-24,16.4786
2024-04-25,16.9036
2024-04-26,16.6754
2024-04-29,16.4862
2024-04-30,15.6562
2024-05-01,22.7768
2024-05-02,23.3489
2024-05-03,21.576
2024-05-06,24.2963
2024-05-07,23.3007
2024-05-08,26.3733
2024-05-09,27.2609
2024-05-10,27.9483
2024-05-13,27.9896
2024-05-14,30.8384
2024-05-15,30.0898
2024-05-16,29.9687
2024-05-17,25.6071
2024-05-20,18.6977
2024-05-21,21.7892
2024-05-22,20.4727
2024-05-23,19.6244
2024-05-24,22.9923
2024-05-28,21.3847
2024-05-29,21.4731
2024-05-30,21.5749
2024-05-31,24.1184
2024-06-03,23.2845
2024-06-04,21.7257
2024-06-05,20.5857
2024-06-06,19.4775
2024-06-07,21.621
2024-06-10,21.4358
2024-06-11,18.0727
2024-06-12,15.6705
2024-06-13,16.9939
2024-06-14,17.3566
2024-06-17,18.4397
2024-06-18,19.1554
2024-06-20,21.3866
2024-06-21,25.8917
2024-06-24,27.4228
2024-06-25,27.0488
2024-06-26,26.3301
2024-06-27,27.4562
2024-06-28,29.308
2024-07-01,31.2023
2024-07-02,33.5784
2024-07-03,33.1506
2024-07-05,31.3776
2024-07-08,32.2155
2024-07-09,32.9334
2024-07-10,33.9317
2024-07-11,33.0408
2024-07-12,31.8452
2024-07-15,35.3552
2024-07-16,37.7294
2024-07-17,34.0915
2024-07-18,35.3316
2024-07-19,35.3031
2024-07-22,35.5752
2024-07-23,35.316
2024-07-24,34.8967
2024-07-25,34.5621
2024-07-26,37.5503
2024-07-29,36.2849
2024-07-30,39.362
2024-07-31,37.5349
2024-08-01,34.5869
2024-08-02,30.61
2024-08-05,29.416
2024-08-06,34.4146
2024-08-07,35.1123
2024-08-08,37.0477
2024-08-09,31.6377
2024-08-12,38.6084
2024-08-13,39.3562
2024-08-14,40.9387
2024-08-15,41.9635
2024-08-16,43.2268
2024-08-19,38.5172
2024-08-20,38.4406
2024-08-21,38.367
2024-08-22,39.5199
2024-08-23,40.8236
2024-08-26,42.6978
2024-08-27,43.2645
2024-08-28,44.4227
2024-08-29,44.0993
2024-08-30,46.3148
2024-09-03,42.6811
2024-09-04,41.9668
2024-09-05,37.754
2024-09-06,33.994
2024-09-09,37.4554
2024-09-10,31.0851
2024-09-11,31.4097
2024-09-12,30.6433
2024-09-13,29.1792
2024-09-16,31.9832
2024-09-17,31.9135
2024-09-18,30.0166
2024-09-19,32.8128
2024-09-20,33.1504
2024-09-23,32.3649
2024-09-24,33.4669
2024-09-25,32.0078
2024-09-26,31.9422
2024-09-27,32.68
2024-09-30,32.3019
2024-10-01,30.1507
2024-10-02,30.0256
2024-10-03,26.2201
2024-10-04,30.662
2024-10-07,30.7394
2024-10-08,30.1666
2024-10-09,31.9969
2024-10-10,31.3348
2024-10-11,39.0815
2024-10-14,40.3076
2024-10-15,40.9905
2024-10-16,41.487
2024-10-17,41.8694
2024-10-18,42.5514
2024-10-21,41.3502
2024-10-22,41.6044
2024-10-23,41.1189
2024-10-24,36.0521
2024-10-25,33.812
2024-10-28,42.2736
2024-10-29,36.9301
2024-10-30,37.4822
2024-10-31,36.897
2024-11-01,36.7402
2024-11-04,35.2653
2024-11-05,36.2532
2024-11-06,53.7466
2024-11-07,40.6355
2024-11-08,41.2562
2024-11-11,42.8188
2024-11-12,42.8891
2024-11-13,43.9559
2024-11-14,44.525
2024-11-15,47.1741
2024-11-18,47.2683
2024-11-19,46.9442
2024-11-20,45.4734
2024-11-21,48.034
2024-11-22,51.1193
2024-11-25,52.2114
2024-11-26,51.6975
2024-11-27,51.3586
2024-11-29,51.8096
2024-12-02,48.8396
2024-12-03,47.5913
2024-12-04,46.4909
2024-12-05,48.1522
2024-12-06,49.4884
2024-12-09,47.1007
2024-12-10,46.5361
2024-12-11,46.8717
2024-12-12,49.275
2024-12-13,48.1013
2024-12-16,47.9312
2024-12-17,47.0819
2024-12-18,41.9772
2024-12-19,44.4386
2024-12-20,47.8805
2024-12-23,48.0858
2024-12-24,50.7802
2024-12-26,55.0981
2024-12-27,53.9872
2024-12-30,52.6024
2024-12-31,53.1419
