Price,JPM_Close,VIX_Close
Ticker,JPM,^VIX
Date,,
2018-01-02,85.90129089355469,9.770000457763672
2018-01-03,85.98880767822266,9.149999618530273
2018-01-04,87.22062683105469,9.220000267028809
2018-01-05,86.66072845458984,9.220000267028809
2018-01-08,86.78871154785156,9.520000457763672
2018-01-09,87.2286605834961,10.079999923706055
2018-01-10,88.18852996826172,9.819999694824219
2018-01-11,88.66046142578125,9.880000114440918
2018-01-12,90.12428283691406,10.15999984741211
2018-01-16,89.80429077148438,11.65999984741211
2018-01-17,90.3802261352539,11.90999984741211
2018-01-18,90.59622192382812,12.220000267028809
2018-01-19,90.39624786376953,11.270000457763672
2018-01-22,91.45208740234375,11.029999732971191
2018-01-23,91.35611724853516,11.100000381469727
2018-01-24,92.52395629882812,11.470000267028809
2018-01-25,92.54795837402344,11.579999923706055
2018-01-26,93.04389190673828,11.079999923706055
2018-01-29,92.94789123535156,13.84000015258789
2018-01-30,92.07601928710938,14.789999961853027
2018-01-31,92.52395629882812,13.539999961853027
2018-02-01,93.48384094238281,13.470000267028809
2018-02-02,91.412109375,17.309999465942383
2018-02-05,87.02865600585938,37.31999969482422
2018-02-06,89.67633056640625,29.979999542236328
2018-02-07,90.28423309326172,27.729999542236328
2018-02-08,86.29275512695312,33.459999084472656
2018-02-09,88.02056121826172,29.059999465942383
2018-02-12,89.38036346435547,25.610000610351562
2018-02-13,89.93228912353516,24.969999313354492
2018-02-14,92.01201629638672,19.260000228881836
2018-02-15,92.3959732055664,19.1299991607666
2018-02-16,91.73206329345703,19.459999084472656
2018-02-20,91.75607299804688,20.600000381469727
2018-02-21,92.1400146484375,20.020000457763672
2018-02-22,91.9720230102539,18.719999313354492
2018-02-23,93.83578491210938,16.489999771118164
2018-02-26,95.00362396240234,15.800000190734863
2018-02-27,93.87579345703125,18.59000015258789
2018-02-28,92.38795471191406,19.850000381469727
2018-03-01,90.73218536376953,22.469999313354492
2018-03-02,90.64421081542969,19.59000015258789
2018-03-05,92.03604125976562,18.729999542236328
2018-03-06,92.11602020263672,18.360000610351562
2018-03-07,91.77205657958984,17.760000228881836
2018-03-08,91.78005981445312,16.540000915527344
2018-03-09,94.41970825195312,14.640000343322754
2018-03-12,94.11576080322266,15.779999732971191
2018-03-13,92.98789978027344,16.350000381469727
2018-03-14,91.94804382324219,17.229999542236328
2018-03-15,92.18000030517578,16.59000015258789
2018-03-16,92.3399658203125,15.800000190734863
2018-03-19,91.61207580566406,19.020000457763672
2018-03-20,91.7000732421875,18.200000762939453
2018-03-21,91.78005981445312,17.860000610351562
2018-03-22,87.94853210449219,23.34000015258789
2018-03-23,85.59683990478516,24.8700008392334
2018-03-26,88.23651123046875,21.030000686645508
2018-03-27,86.52471923828125,22.5
2018-03-28,86.38875579833984,22.8700008392334
2018-03-29,87.96455383300781,19.969999313354492
2018-04-02,86.26878356933594,23.6200008392334
2018-04-03,87.45263671875,21.100000381469727
2018-04-04,88.78043365478516,20.059999465942383
2018-04-05,89.94617462158203,18.940000534057617
2018-04-06,87.7031478881836,21.489999771118164
2018-04-09,88.75634002685547,21.770000457763672
2018-04-10,90.45265197753906,20.469999313354492
2018-04-11,88.9332046508789,20.239999771118164
2018-04-12,91.14407348632812,18.489999771118164
2018-04-13,88.6759262084961,17.40999984741211
2018-04-16,88.60358428955078,16.559999465942383
2018-04-17,88.60358428955078,15.25
2018-04-18,87.88805389404297,15.600000381469727
2018-04-19,89.81754302978516,15.960000038146973
2018-04-20,89.61656188964844,16.8799991607666
2018-04-23,89.18240356445312,16.34000015258789
2018-04-24,88.76437377929688,18.020000457763672
2018-04-25,88.42669677734375,17.84000015258789
2018-04-26,88.51514434814453,16.239999771118164
2018-04-27,87.95236206054688,15.40999984741211
2018-04-30,87.45392608642578,15.930000305175781
2018-05-01,87.45392608642578,15.489999771118164
2018-05-02,86.76252746582031,15.970000267028809
2018-05-03,86.2158432006836,15.899999618530273
2018-05-04,87.17253112792969,14.770000457763672
2018-05-07,87.92825317382812,14.75
2018-05-08,89.23065185546875,14.710000038146973
2018-05-09,91.17620849609375,13.420000076293945
2018-05-10,91.8836898803711,13.229999542236328
2018-05-11,91.53800964355469,12.649999618530273
2018-05-14,91.5701675415039,12.930000305175781
2018-05-15,90.87071990966797,14.630000114440918
2018-05-16,91.11991882324219,13.420000076293945
2018-05-17,90.8144302368164,13.430000305175781
2018-05-18,89.34320068359375,13.420000076293945
2018-05-21,90.16324615478516,13.079999923706055
2018-05-22,90.85465240478516,13.220000267028809
2018-05-23,90.43657684326172,12.579999923706055
2018-05-24,89.42361450195312,12.529999732971191
2018-05-25,88.96536254882812,13.220000267028809
2018-05-29,85.16265869140625,17.020000457763672
2018-05-30,87.10821533203125,14.9399995803833
2018-05-31,86.03092193603516,15.430000305175781
2018-06-01,87.14842224121094,13.460000038146973
2018-06-04,87.18861389160156,12.739999771118164
2018-06-05,86.69820404052734,12.399999618530273
2018-06-06,88.7241439819336,11.640000343322754
2018-06-07,89.07791137695312,12.130000114440918
2018-06-08,89.32713317871094,12.180000305175781
2018-06-11,89.10203552246094,12.350000381469727
2018-06-12,88.5875015258789,12.34000015258789
2018-06-13,88.41062927246094,12.9399995803833
2018-06-14,86.8509750366211,12.119999885559082
2018-06-15,86.74642944335938,11.979999542236328
2018-06-18,86.97151947021484,12.3100004196167
2018-06-19,86.46505737304688,13.350000381469727
2018-06-20,86.45701599121094,12.789999961853027
2018-06-21,86.43291473388672,14.640000343322754
2018-06-22,85.01792907714844,13.770000457763672
2018-06-25,84.24614715576172,17.329999923706055
2018-06-26,84.30242919921875,15.920000076293945
2018-06-27,83.0,17.90999984741211
2018-06-28,84.35868835449219,16.850000381469727
2018-06-29,83.77183532714844,16.09000015258789
2018-07-02,84.47929382324219,15.600000381469727
2018-07-03,83.2974624633789,16.139999389648438
2018-07-05,83.83906555175781,14.970000267028809
2018-07-06,84.11387634277344,13.369999885559082
2018-07-09,86.71669006347656,12.6899995803833
2018-07-10,86.18318176269531,12.640000343322754
2018-07-11,85.99728393554688,13.630000114440918
2018-07-12,86.36912536621094,12.579999923706055
2018-07-13,85.9730224609375,12.180000305175781
2018-07-16,89.38414001464844,12.829999923706055
2018-07-17,89.31946563720703,12.0600004196167
2018-07-18,90.15203094482422,12.100000381469727
2018-07-19,88.826416015625,12.869999885559082
2018-07-20,89.94996643066406,12.859999656677246
2018-07-23,91.62318420410156,12.619999885559082
2018-07-24,92.26986694335938,12.40999984741211
2018-07-25,93.10245513916016,12.289999961853027
2018-07-26,92.83566284179688,12.140000343322754
2018-07-27,93.78950500488281,13.029999732971191
2018-07-30,94.3553237915039,14.260000228881836
2018-07-31,92.91651153564453,12.829999923706055
2018-08-01,93.49042510986328,13.149999618530273
2018-08-02,93.8864974975586,12.1899995803833
2018-08-03,94.64632415771484,11.640000343322754
2018-08-06,94.67060089111328,11.270000457763672
2018-08-07,95.01815795898438,10.930000305175781
2018-08-08,95.21215057373047,10.850000381469727
2018-08-09,94.47657012939453,11.270000457763672
2018-08-10,93.5470199584961,13.15999984741211
2018-08-13,92.05967712402344,14.779999732971191
2018-08-14,92.67401885986328,13.3100004196167
2018-08-15,91.90611267089844,14.640000343322754
2018-08-16,92.77098846435547,13.449999809265137
2018-08-17,92.77098846435547,12.640000343322754
2018-08-20,92.6497573852539,12.489999771118164
2018-08-21,93.21559143066406,12.859999656677246
2018-08-22,92.93267822265625,12.25
2018-08-23,92.73869323730469,12.40999984741211
2018-08-24,92.69828033447266,11.989999771118164
2018-08-27,94.33914184570312,12.15999984741211
2018-08-28,93.87841033935547,12.5
2018-08-29,93.57125854492188,12.25
2018-08-30,93.11051940917969,13.529999732971191
2018-08-31,92.61741638183594,12.859999656677246
2018-09-04,93.07817077636719,13.15999984741211
2018-09-05,92.62551879882812,13.90999984741211
2018-09-06,92.22945404052734,14.649999618530273
2018-09-07,92.40725708007812,14.880000114440918
2018-09-10,91.9141845703125,14.15999984741211
2018-09-11,92.49617767333984,13.220000267028809
2018-09-12,91.40495300292969,13.140000343322754
2018-09-13,91.76060485839844,12.369999885559082
2018-09-14,91.74446105957031,12.069999694824219
2018-09-17,92.0192642211914,13.680000305175781
2018-09-18,92.3910903930664,12.789999961853027
2018-09-19,95.0747299194336,11.75
2018-09-20,95.89112854003906,11.800000190734863
2018-09-21,95.26062774658203,11.680000305175781
2018-09-24,94.34723663330078,12.199999809265137
2018-09-25,94.08050537109375,12.420000076293945
2018-09-26,92.97308349609375,12.890000343322754
2018-09-27,92.56892395019531,12.40999984741211
2018-09-28,91.2109375,12.119999885559082
2018-10-01,91.74446105957031,12.0
2018-10-02,92.12437438964844,12.050000190734863
2018-10-03,92.98926544189453,11.609999656677246
2018-10-04,93.82764434814453,14.220000267028809
2018-10-05,93.29856872558594,14.819999694824219
2018-10-08,93.86834716796875,15.6899995803833
2018-10-09,93.21717071533203,15.949999809265137
2018-10-10,90.73455810546875,22.959999084472656
2018-10-11,88.0158462524414,24.979999542236328
2018-10-12,87.05533599853516,21.309999465942383
2018-10-15,86.55879974365234,21.299999237060547
2018-10-16,88.41468811035156,17.6200008392334
2018-10-17,89.39960479736328,17.399999618530273
2018-10-18,87.9832763671875,20.059999465942383
2018-10-19,87.83675384521484,19.889999389648438
2018-10-22,86.57508087158203,19.639999389648438
2018-10-23,85.67156219482422,20.709999084472656
2018-10-24,84.0761489868164,25.229999542236328
2018-10-25,85.35411071777344,24.219999313354492
2018-10-26,84.18199157714844,24.15999984741211
2018-10-29,85.3459701538086,24.700000762939453
2018-10-30,86.8518295288086,23.350000381469727
2018-10-31,88.74028015136719,21.229999542236328
2018-11-01,88.70771789550781,19.34000015258789
2018-11-02,88.21931457519531,19.510000228881836
2018-11-05,88.79723358154297,19.959999084472656
2018-11-06,89.2123794555664,19.90999984741211
2018-11-07,90.74266052246094,16.360000610351562
2018-11-08,91.47525787353516,16.719999313354492
2018-11-09,90.58802795410156,17.360000610351562
2018-11-12,88.68329620361328,20.450000762939453
2018-11-13,89.20423889160156,20.020000457763672
2018-11-14,87.3646469116211,21.25
2018-11-15,89.59495544433594,19.979999542236328
2018-11-16,89.52983093261719,18.139999389648438
2018-11-19,90.21356201171875,20.100000381469727
2018-11-20,88.27630615234375,22.479999542236328
2018-11-21,87.6169662475586,20.799999237060547
2018-11-23,86.81111907958984,21.520000457763672
2018-11-26,88.93563079833984,18.899999618530273
2018-11-27,89.31006622314453,19.020000457763672
2018-11-28,90.3031234741211,18.489999771118164
2018-11-29,89.58680725097656,18.790000915527344
2018-11-30,90.50659942626953,18.06999969482422
2018-12-03,91.36127471923828,16.440000534057617
2018-12-04,87.28324890136719,20.739999771118164
2018-12-06,85.62273406982422,21.190000534057617
2018-12-07,84.0761489868164,23.229999542236328
2018-12-10,82.50517272949219,22.639999389648438
2018-12-11,81.69932556152344,21.760000228881836
2018-12-12,82.2284164428711,21.459999084472656
2018-12-13,82.30982208251953,20.649999618530273
2018-12-14,81.63421630859375,21.6299991607666
2018-12-17,80.59233093261719,24.520000457763672
2018-12-18,80.20977020263672,25.579999923706055
2018-12-19,79.19227600097656,25.579999923706055
2018-12-20,78.5085220336914,28.3799991607666
2018-12-21,76.65265655517578,30.110000610351562
2018-12-24,75.00025939941406,36.06999969482422
2018-12-26,78.10968780517578,30.40999984741211
2018-12-27,78.98875427246094,29.959999084472656
2018-12-28,78.81784057617188,28.34000015258789
2018-12-31,79.46088409423828,25.420000076293945
2019-01-02,80.8365249633789,23.219999313354492
2019-01-03,79.68766784667969,25.450000762939453
2019-01-04,82.62541198730469,21.3799991607666
2019-01-07,82.68285369873047,21.399999618530273
2019-01-08,82.52692413330078,20.469999313354492
2019-01-09,82.38742065429688,19.979999542236328
2019-01-10,82.37920379638672,19.5
2019-01-11,81.9853286743164,18.190000534057617
2019-01-14,82.83056640625,19.06999969482422
2019-01-15,83.43777465820312,18.600000381469727
2019-01-16,84.11067199707031,19.040000915527344
2019-01-17,84.45531463623047,18.059999465942383
2019-01-18,85.82569885253906,17.799999237060547
2019-01-22,84.47174835205078,20.799999237060547
2019-01-23,84.25839233398438,19.520000457763672
2019-01-24,84.30763244628906,18.889999389648438
2019-01-25,84.84098815917969,17.420000076293945
2019-01-28,85.24309539794922,18.8700008392334
2019-01-29,85.48106384277344,19.1299991607666
2019-01-30,85.67801666259766,17.65999984741211
2019-01-31,84.9312515258789,16.56999969482422
2019-02-01,85.24309539794922,16.139999389648438
2019-02-04,85.54669952392578,15.729999542236328
2019-02-05,85.16922760009766,15.569999694824219
2019-02-06,85.1281967163086,15.380000114440918
2019-02-07,84.01219177246094,16.3700008392334
2019-02-08,83.17520141601562,15.720000267028809
2019-02-11,82.78131866455078,15.970000267028809
2019-02-12,84.19273376464844,15.430000305175781
2019-02-13,84.59481048583984,15.649999618530273
2019-02-14,84.04501342773438,16.219999313354492
2019-02-15,86.61348724365234,14.90999984741211
2019-02-19,86.30986022949219,14.880000114440918
2019-02-20,86.72835540771484,14.020000457763672
2019-02-21,86.54782104492188,14.460000038146973
2019-02-22,86.16215515136719,13.510000228881836
2019-02-25,87.06481170654297,14.850000381469727
2019-02-26,86.4001235961914,15.170000076293945
2019-02-27,86.29347229003906,14.699999809265137
2019-02-28,85.63697052001953,14.779999732971191
2019-03-01,85.69441986083984,13.569999694824219
2019-03-04,85.49745178222656,14.630000114440918
2019-03-05,85.43180084228516,14.739999771118164
2019-03-06,85.11180114746094,15.739999771118164
2019-03-07,84.49635314941406,16.59000015258789
2019-03-08,84.52919006347656,16.049999237060547
2019-03-11,85.62876892089844,14.329999923706055
2019-03-12,85.3743667602539,13.770000457763672
2019-03-13,85.66160583496094,13.40999984741211
2019-03-14,86.44114685058594,13.5
2019-03-15,87.43408203125,12.880000114440918
2019-03-18,87.95925903320312,13.100000381469727
2019-03-19,87.63923645019531,13.5600004196167
2019-03-20,85.76828002929688,13.90999984741211
2019-03-21,84.41427612304688,13.630000114440918
2019-03-22,81.86224365234375,16.479999542236328
2019-03-25,81.18115234375,16.329999923706055
2019-03-26,81.99354553222656,14.680000305175781
2019-03-27,81.71454620361328,15.149999618530273
2019-03-28,82.64178466796875,14.430000305175781
2019-03-29,83.06853485107422,13.710000038146973
2019-04-01,85.86672973632812,13.399999618530273
2019-04-02,86.27703094482422,13.359999656677246
2019-04-03,86.44934844970703,13.739999771118164
2019-04-04,87.28450012207031,13.579999923706055
2019-04-05,87.07776641845703,12.819999694824219
2019-04-08,87.3589096069336,13.180000305175781
2019-04-09,86.71394348144531,14.279999732971191
2019-04-10,87.10257720947266,13.300000190734863
2019-04-11,87.83851623535156,13.020000457763672
2019-04-12,91.95632934570312,12.010000228881836
2019-04-15,90.90620422363281,12.319999694824219
2019-04-16,91.8653793334961,12.180000305175781
2019-04-17,94.51133728027344,12.600000381469727
2019-04-18,93.81675720214844,12.09000015258789
2019-04-22,93.93251037597656,12.420000076293945
2019-04-23,94.04828643798828,12.279999732971191
2019-04-24,93.89120483398438,13.140000343322754
2019-04-25,93.9407958984375,13.25
2019-04-26,94.65192413330078,12.729999542236328
2019-04-29,96.0162582397461,13.109999656677246
2019-04-30,95.95840454101562,13.119999885559082
2019-05-01,95.22246551513672,14.800000190734863
2019-05-02,95.4291763305664,14.420000076293945
2019-05-03,96.0162582397461,12.869999885559082
2019-05-06,95.16458129882812,15.4399995803833
2019-05-07,93.61006927490234,19.31999969482422
2019-05-08,93.11395263671875,19.399999618530273
2019-05-09,93.03954315185547,19.100000381469727
2019-05-10,93.03125,16.040000915527344
2019-05-13,90.50102996826172,20.549999237060547
2019-05-14,91.22041320800781,18.059999465942383
2019-05-15,90.87310028076172,16.440000534057617
2019-05-16,92.03901672363281,15.289999961853027
2019-05-17,91.5925064086914,15.960000038146973
2019-05-20,92.07209014892578,16.309999465942383
2019-05-21,92.38631439208984,14.949999809265137
2019-05-22,91.63382720947266,14.75
2019-05-23,89.83126068115234,16.920000076293945
2019-05-24,90.71601867675781,15.850000381469727
2019-05-28,89.73204040527344,17.5
2019-05-29,89.48397827148438,17.899999618530273
2019-05-30,88.52481842041016,17.299999237060547
2019-05-31,87.61524963378906,18.709999084472656
2019-06-03,88.02870178222656,18.860000610351562
2019-06-04,90.74081420898438,16.969999313354492
2019-06-05,91.06327819824219,16.09000015258789
2019-06-06,91.26174926757812,15.930000305175781
2019-06-07,90.26123046875,16.299999237060547
2019-06-10,91.23695373535156,15.9399995803833
2019-06-11,91.51808166503906,15.989999771118164
2019-06-12,90.35218048095703,15.90999984741211
2019-06-13,90.57543182373047,15.819999694824219
2019-06-14,90.80696105957031,15.279999732971191
2019-06-17,90.31085205078125,15.350000381469727
2019-06-18,91.54286193847656,15.149999618530273
2019-06-19,90.88137817382812,14.329999923706055
2019-06-20,91.1129150390625,14.75
2019-06-21,90.49276733398438,15.399999618530273
2019-06-24,89.84780883789062,15.260000228881836
2019-06-25,89.10363006591797,16.280000686645508
2019-06-26,89.69898223876953,16.209999084472656
2019-06-27,89.99662780761719,15.819999694824219
2019-06-28,92.44417572021484,15.079999923706055
2019-07-01,93.99868774414062,14.0600004196167
2019-07-02,94.09791564941406,12.930000305175781
2019-07-03,93.94802856445312,12.569999694824219
2019-07-05,94.50595092773438,13.279999732971191
2019-07-08,93.9896469116211,13.960000038146973
2019-07-09,94.38935852050781,14.09000015258789
2019-07-10,94.11457824707031,13.029999732971191
2019-07-11,95.01390838623047,12.930000305175781
2019-07-12,96.01318359375,12.390000343322754
2019-07-15,94.84735107421875,12.680000305175781
2019-07-16,95.86328125,12.859999656677246
2019-07-17,94.92233276367188,13.970000267028809
2019-07-18,95.48855590820312,13.529999732971191
2019-07-19,94.54759979248047,14.449999809265137
2019-07-22,95.15548706054688,13.529999732971191
2019-07-23,96.8958740234375,12.609999656677246
2019-07-24,97.28726196289062,12.069999694824219
2019-07-25,96.35458374023438,12.739999771118164
2019-07-26,96.779296875,12.15999984741211
2019-07-29,96.4711685180664,12.829999923706055
2019-07-30,96.25467681884766,13.9399995803833
2019-07-31,96.59609985351562,16.1200008392334
2019-08-01,94.0479507446289,17.8700008392334
2019-08-02,94.03962707519531,17.610000610351562
2019-08-05,91.2416763305664,24.59000015258789
2019-08-06,91.95782470703125,20.170000076293945
2019-08-07,89.95926666259766,19.489999771118164
2019-08-08,91.483154296875,16.90999984741211
2019-08-09,91.38321685791016,17.969999313354492
2019-08-12,89.66781616210938,21.09000015258789
2019-08-13,91.05013275146484,17.520000457763672
2019-08-14,87.26956939697266,22.100000381469727
2019-08-15,87.6026611328125,21.18000030517578
2019-08-16,89.70112609863281,18.469999313354492
2019-08-19,90.50886535644531,16.8799991607666
2019-08-20,89.35968017578125,17.5
2019-08-21,89.6095199584961,15.800000190734863
2019-08-22,90.53385162353516,16.68000030517578
2019-08-23,88.28551483154297,19.8700008392334
2019-08-26,88.9933090209961,19.31999969482422
2019-08-27,88.05235290527344,20.309999465942383
2019-08-28,88.93504333496094,19.350000381469727
2019-08-29,90.95023345947266,17.8799991607666
2019-08-30,91.483154296875,18.979999542236328
2019-09-03,90.40060424804688,19.65999984741211
2019-09-04,91.4914779663086,17.329999923706055
2019-09-05,93.57331085205078,16.270000457763672
2019-09-06,93.77315521240234,15.0
2019-09-09,96.0964584350586,15.270000457763672
2019-09-10,97.32056427001953,15.199999809265137
2019-09-11,97.58704376220703,14.609999656677246
2019-09-12,98.18660736083984,14.220000267028809
2019-09-13,100.1185302734375,13.739999771118164
2019-09-16,99.22750091552734,14.670000076293945
2019-09-17,98.73619079589844,14.4399995803833
2019-09-18,99.72713470458984,13.949999809265137
2019-09-19,99.41070556640625,14.050000190734863
2019-09-20,99.01099395751953,15.319999694824219
2019-09-23,98.99433898925781,14.90999984741211
2019-09-24,97.70361328125,17.049999237060547
2019-09-25,98.26153564453125,15.960000038146973
2019-09-26,97.45379638671875,16.06999969482422
2019-09-27,98.02840423583984,17.219999313354492
2019-09-30,98.00341033935547,16.239999771118164
2019-10-01,96.22138977050781,18.559999465942383
2019-10-02,94.30608367919922,20.559999465942383
2019-10-03,94.17179107666016,19.1200008392334
2019-10-04,96.2115478515625,17.040000915527344
2019-10-07,96.00169372558594,17.860000610351562
2019-10-08,93.8612060546875,20.280000686645508
2019-10-09,94.54112243652344,18.639999389648438
2019-10-10,95.86736297607422,17.56999969482422
2019-10-11,97.48741912841797,15.579999923706055
2019-10-14,97.74762725830078,14.569999694824219
2019-10-15,100.69390106201172,13.539999961853027
2019-10-16,100.45885467529297,13.680000305175781
2019-10-17,101.0212631225586,13.789999961853027
2019-10-18,101.19755554199219,14.25
2019-10-21,103.70735168457031,14.0
2019-10-22,104.7481918334961,14.460000038146973
2019-10-23,105.02517700195312,14.010000228881836
2019-10-24,104.94963836669922,13.710000038146973
2019-10-25,105.78902435302734,12.649999618530273
2019-10-28,106.19194030761719,13.109999656677246
2019-10-29,106.12479400634766,13.199999809265137
2019-10-30,105.53721618652344,12.329999923706055
2019-10-31,104.8572998046875,13.220000267028809
2019-11-01,107.27474975585938,12.300000190734863
2019-11-04,108.13095092773438,12.829999923706055
2019-11-05,108.36597442626953,13.100000381469727
2019-11-06,108.53387451171875,12.619999885559082
2019-11-07,109.12142944335938,12.729999542236328
2019-11-08,109.44042205810547,12.069999694824219
2019-11-11,109.05428314208984,12.6899995803833
2019-11-12,108.41634368896484,12.680000305175781
2019-11-13,107.84554290771484,13.0
2019-11-14,107.9462890625,13.050000190734863
2019-11-15,108.7269058227539,12.050000190734863
2019-11-18,109.64186096191406,12.460000038146973
2019-11-19,109.60829162597656,12.859999656677246
2019-11-20,108.81087493896484,12.779999732971191
2019-11-21,109.06266021728516,13.130000114440918
2019-11-22,109.78455352783203,12.34000015258789
2019-11-25,110.37213134765625,11.869999885559082
2019-11-26,110.5232162475586,11.539999961853027
2019-11-27,110.85060119628906,11.75
2019-11-29,110.5987548828125,12.619999885559082
2019-12-02,110.3553466796875,14.90999984741211
2019-12-03,108.93675994873047,15.960000038146973
2019-12-04,111.08560180664062,14.800000190734863
2019-12-05,111.68998718261719,14.520000457763672
2019-12-06,113.35198211669922,13.619999885559082
2019-12-09,112.82316589355469,15.859999656677246
2019-12-10,112.89872741699219,15.680000305175781
2019-12-11,112.63009643554688,14.989999771118164
2019-12-12,115.85335540771484,13.9399995803833
2019-12-13,114.83772277832031,12.630000114440918
2019-12-16,115.28258514404297,12.140000343322754
2019-12-17,115.98767852783203,12.289999961853027
2019-12-18,115.87016296386719,12.579999923706055
2019-12-19,115.29100036621094,12.5
2019-12-20,115.19867706298828,12.510000228881836
2019-12-23,115.16505432128906,12.609999656677246
2019-12-24,115.48406219482422,12.670000076293945
2019-12-26,116.70954895019531,12.649999618530273
2019-12-27,116.79351806640625,13.430000305175781
2019-12-30,116.36543273925781,14.819999694824219
2019-12-31,117.01174926757812,13.779999732971191
2020-01-02,118.4303207397461,12.470000267028809
2020-01-03,116.86748504638672,14.020000457763672
2020-01-06,116.77455139160156,13.850000381469727
2020-01-07,114.78929901123047,13.789999961853027
2020-01-08,115.68479919433594,13.449999809265137
2020-01-09,116.10717010498047,12.539999961853027
2020-01-10,114.94982147216797,12.5600004196167
2020-01-13,115.9043960571289,12.319999694824219
2020-01-14,117.25607299804688,12.390000343322754
2020-01-15,115.49893188476562,12.420000076293945
2020-01-16,115.94664001464844,12.319999694824219
2020-01-17,116.74919891357422,12.100000381469727
2020-01-21,115.60028839111328,12.850000381469727
2020-01-22,115.46514892578125,12.90999984741211
2020-01-23,115.34683990478516,12.979999542236328
2020-01-24,112.4830322265625,14.5600004196167
2020-01-27,111.53689575195312,18.229999542236328
2020-01-28,113.56434631347656,16.280000686645508
2020-01-29,113.39539337158203,16.389999389648438
2020-01-30,114.79777526855469,15.489999771118164
2020-01-31,111.81566619873047,18.84000015258789
2020-02-03,112.66889190673828,17.969999313354492
2020-02-04,114.29086303710938,16.049999237060547
2020-02-05,116.23388671875,15.149999618530273
2020-02-06,116.25079345703125,14.960000038146973
2020-02-07,115.87909698486328,15.470000267028809
2020-02-10,116.36060333251953,15.039999961853027
2020-02-11,116.58024597167969,15.180000305175781
2020-02-12,116.58024597167969,13.739999771118164
2020-02-13,116.47889709472656,14.149999618530273
2020-02-14,116.12406921386719,13.680000305175781
2020-02-18,114.5865707397461,14.829999923706055
2020-02-19,116.1493911743164,14.380000114440918
2020-02-20,116.1493911743164,15.5600004196167
2020-02-21,114.73017120361328,17.079999923706055
2020-02-24,111.64672088623047,25.030000686645508
2020-02-25,106.6624755859375,27.850000381469727
2020-02-26,106.9834976196289,27.559999465942383
2020-02-27,102.5314712524414,39.15999984741211
2020-02-28,98.08792877197266,40.11000061035156
2020-03-02,102.65819549560547,33.41999816894531
2020-03-03,98.80596160888672,36.81999969482422
2020-03-04,101.24742126464844,31.989999771118164
2020-03-05,96.28008270263672,39.619998931884766
2020-03-06,91.3043212890625,41.939998626708984
2020-03-09,78.9366683959961,54.459999084472656
2020-03-10,85.0698013305664,47.29999923706055
2020-03-11,81.06551361083984,53.900001525878906
2020-03-12,74.38325500488281,75.47000122070312
2020-03-13,87.78155517578125,57.83000183105469
2020-03-16,74.64515686035156,82.69000244140625
2020-03-17,79.20699310302734,75.91000366210938
2020-03-18,70.86896514892578,76.44999694824219
2020-03-19,72.06011962890625,72.0
2020-03-20,70.53949737548828,66.04000091552734
2020-03-23,66.76329803466797,61.59000015258789
2020-03-24,74.70427703857422,61.66999816894531
2020-03-25,77.4920883178711,63.95000076293945
2020-03-26,82.8902587890625,61.0
2020-03-27,76.98518371582031,65.54000091552734
2020-03-30,78.98734283447266,57.08000183105469
2020-03-31,76.05594635009766,53.540000915527344
2020-04-01,71.26602172851562,57.060001373291016
2020-04-02,73.9271011352539,50.90999984741211
2020-04-03,71.74195861816406,46.79999923706055
2020-04-06,76.35972595214844,45.2400016784668
2020-04-07,77.36693572998047,46.70000076293945
2020-04-08,80.49100494384766,43.349998474121094
2020-04-09,87.71212768554688,41.66999816894531
2020-04-13,83.81134033203125,41.16999816894531
2020-04-14,81.51524353027344,37.7599983215332
2020-04-15,77.4949722290039,40.84000015258789
2020-04-16,74.54166412353516,40.11000061035156
2020-04-17,81.24212646484375,38.150001525878906
2020-04-20,78.2802505493164,43.83000183105469
2020-04-21,76.0097885131836,45.40999984741211
2020-04-22,76.25730895996094,41.97999954223633
2020-04-23,76.30001068115234,41.380001068115234
2020-04-24,77.42669677734375,35.93000030517578
2020-04-27,80.7641372680664,33.290000915527344
2020-04-28,81.33599090576172,33.56999969482422
2020-04-29,83.52965545654297,31.229999542236328
2020-04-30,81.73716735839844,34.150001525878906
2020-05-01,79.59474182128906,37.189998626708984
2020-05-04,78.64730834960938,35.970001220703125
2020-05-05,78.52779388427734,33.61000061035156
2020-05-06,77.0511245727539,34.119998931884766
2020-05-07,77.85346984863281,31.440000534057617
2020-05-08,79.12528228759766,27.979999542236328
2020-05-11,76.79505920410156,27.56999969482422
2020-05-12,74.28556823730469,33.040000915527344
2020-05-13,71.72489166259766,35.279998779296875
2020-05-14,74.70381927490234,32.61000061035156
2020-05-15,73.32106018066406,31.889999389648438
2020-05-18,77.20477294921875,29.299999237060547
2020-05-19,75.68541717529297,30.530000686645508
2020-05-20,77.95591735839844,27.989999771118164
2020-05-21,76.96575927734375,29.530000686645508
2020-05-22,76.36827087402344,28.15999984741211
2020-05-26,81.78839111328125,28.010000228881836
2020-05-27,86.52566528320312,27.6200008392334
2020-05-28,85.2367935180664,28.59000015258789
2020-05-29,83.06021881103516,27.510000228881836
2020-06-01,84.16130828857422,28.229999542236328
2020-06-02,84.44298553466797,26.84000015258789
2020-06-03,89.0009994506836,25.65999984741211
2020-06-04,90.85323333740234,25.809999465942383
2020-06-05,94.9417953491211,24.520000457763672
2020-06-08,96.83671569824219,25.809999465942383
2020-06-09,94.35285186767578,27.56999969482422
2020-06-10,90.52886199951172,27.56999969482422
2020-06-11,82.974853515625,40.790000915527344
2020-06-12,85.2453384399414,36.09000015258789
2020-06-15,86.42324829101562,34.400001525878906
2020-06-16,87.11463165283203,33.66999816894531
2020-06-17,84.91244506835938,33.470001220703125
2020-06-18,84.4515151977539,32.939998626708984
2020-06-19,83.48698425292969,35.119998931884766
2020-06-22,82.58222198486328,31.770000457763672
2020-06-23,83.58941650390625,31.3700008392334
2020-06-24,80.79828643798828,33.84000015258789
2020-06-25,83.6150131225586,32.220001220703125
2020-06-26,79.03140258789062,34.72999954223633
2020-06-29,79.38135528564453,31.780000686645508
2020-06-30,80.28614044189453,30.43000030517578
2020-07-01,79.603271484375,28.6200008392334
2020-07-02,79.86184692382812,27.68000030517578
2020-07-06,81.8786392211914,27.940000534057617
2020-07-07,79.56880187988281,29.43000030517578
2020-07-08,80.41346740722656,28.079999923706055
2020-07-09,78.67244720458984,29.260000228881836
2020-07-10,82.97323608398438,27.290000915527344
2020-07-13,84.16264343261719,32.189998626708984
2020-07-14,84.64530181884766,29.520000457763672
2020-07-15,85.95532989501953,27.760000228881836
2020-07-16,86.19667053222656,28.0
2020-07-17,84.6021957397461,25.68000030517578
2020-07-20,83.86096954345703,24.459999084472656
2020-07-21,85.67955017089844,24.84000015258789
2020-07-22,85.0589828491211,24.31999969482422
2020-07-23,85.30894470214844,26.079999923706055
2020-07-24,84.70559692382812,25.84000015258789
2020-07-27,83.51622009277344,24.739999771118164
2020-07-28,83.87821197509766,25.440000534057617
2020-07-29,85.91223907470703,24.100000381469727
2020-07-30,83.61963653564453,24.760000228881836
2020-07-31,83.29212188720703,24.459999084472656
2020-08-03,82.82672119140625,24.280000686645508
2020-08-04,82.35267639160156,23.760000228881836
2020-08-05,83.78340148925781,22.989999771118164
2020-08-06,83.80925750732422,22.649999618530273
2020-08-07,85.65367889404297,22.209999084472656
2020-08-10,86.73965454101562,22.1299991607666
2020-08-11,89.48042297363281,24.030000686645508
2020-08-12,88.72199249267578,22.280000686645508
2020-08-13,88.2306900024414,22.1299991607666
2020-08-14,88.26519775390625,22.049999237060547
2020-08-17,85.93811798095703,21.350000381469727
2020-08-18,84.74008178710938,21.510000228881836
2020-08-19,84.93833923339844,22.540000915527344
2020-08-20,83.92131042480469,22.719999313354492
2020-08-21,83.87821197509766,22.540000915527344
2020-08-24,86.2397689819336,22.3700008392334
2020-08-25,86.61898040771484,22.030000686645508
2020-08-26,85.40373992919922,23.270000457763672
2020-08-27,88.21347045898438,24.469999313354492
2020-08-28,88.57544708251953,22.959999084472656
2020-08-31,86.351806640625,26.40999984741211
2020-09-01,86.30868530273438,26.1200008392334
2020-09-02,87.61014556884766,26.56999969482422
2020-09-03,87.33435821533203,33.599998474121094
2020-09-04,89.22185516357422,30.75
2020-09-08,86.11910247802734,31.459999084472656
2020-09-09,86.93788146972656,28.809999465942383
2020-09-10,86.04153442382812,29.709999084472656
2020-09-11,87.11023712158203,26.8700008392334
2020-09-14,88.31690979003906,25.850000381469727
2020-09-15,85.5674819946289,25.59000015258789
2020-09-16,85.9294662475586,26.040000915527344
2020-09-17,84.94693756103516,26.459999084472656
2020-09-18,84.76593017578125,25.829999923706055
2020-09-21,82.14582061767578,27.780000686645508
2020-09-22,81.24946594238281,26.860000610351562
2020-09-23,79.9308090209961,28.579999923706055
2020-09-24,79.86184692382812,28.510000228881836
2020-09-25,80.5599365234375,26.3799991607666
2020-09-28,82.87842559814453,26.190000534057617
2020-09-29,82.18029022216797,26.270000457763672
2020-09-30,82.97323608398438,26.3700008392334
2020-10-01,83.57656860351562,26.700000762939453
2020-10-02,84.36946868896484,27.6299991607666
2020-10-05,86.15274047851562,27.959999084472656
2020-10-06,85.26544952392578,29.479999542236328
2020-10-07,86.75294494628906,28.059999465942383
2020-10-08,88.53619384765625,26.360000610351562
2020-10-09,88.03166961669922,25.0
2020-10-12,89.11032104492188,25.06999969482422
2020-10-13,87.66631317138672,26.06999969482422
2020-10-14,87.17919921875,26.399999618530273
2020-10-15,88.4840087890625,26.969999313354492
2020-10-16,88.30134582519531,27.40999984741211
2020-10-19,86.81385803222656,29.18000030517578
2020-10-20,87.30967712402344,29.350000381469727
2020-10-21,86.43978881835938,28.649999618530273
2020-10-22,89.4930648803711,28.110000610351562
2020-10-23,90.30205535888672,27.549999237060547
2020-10-26,88.06646728515625,32.459999084472656
2020-10-27,86.40499877929688,33.349998474121094
2020-10-28,83.97803497314453,40.279998779296875
2020-10-29,84.52604675292969,37.59000015258789
2020-10-30,85.28282928466797,38.02000045776367
2020-11-02,87.20529174804688,37.130001068115234
2020-11-03,89.9541015625,35.54999923706055
2020-11-04,87.20529174804688,29.56999969482422
2020-11-05,90.77179718017578,27.579999923706055
2020-11-06,89.56266021728516,24.860000610351562
2020-11-09,101.68875122070312,25.75
2020-11-10,101.35820007324219,24.799999237060547
2020-11-11,99.8446273803711,23.450000762939453
2020-11-12,98.61807250976562,25.350000381469727
2020-11-13,99.23570251464844,23.100000381469727
2020-11-16,102.03669738769531,22.450000762939453
2020-11-17,101.00155639648438,22.709999084472656
2020-11-18,100.25344848632812,23.84000015258789
2020-11-19,100.52312469482422,23.110000610351562
2020-11-20,99.66194915771484,23.700000762939453
2020-11-23,102.53253936767578,22.65999984741211
2020-11-24,107.27336120605469,21.639999389648438
2020-11-25,106.15122985839844,21.25
2020-11-27,105.4466323852539,20.84000015258789
2020-11-30,102.54124450683594,20.56999969482422
2020-12-01,104.1592025756836,20.770000457763672
2020-12-02,106.15994262695312,21.170000076293945
2020-12-03,105.46401977539062,21.280000686645508
2020-12-04,106.42090606689453,20.790000915527344
2020-12-07,106.02075958251953,21.299999237060547
2020-12-08,106.1251449584961,20.68000030517578
2020-12-09,105.29876708984375,22.270000457763672
2020-12-10,104.62025451660156,22.520000457763672
2020-12-11,104.00262451171875,23.309999465942383
2020-12-14,102.9065933227539,24.719999313354492
2020-12-15,104.66373443603516,22.889999389648438
2020-12-16,104.96818542480469,22.5
2020-12-17,104.09831237792969,21.93000030517578
2020-12-18,103.5850830078125,21.56999969482422
2020-12-21,107.47345733642578,25.15999984741211
2020-12-22,105.83808135986328,24.229999542236328
2020-12-23,108.79566192626953,23.309999465942383
2020-12-24,108.31722259521484,21.530000686645508
2020-12-28,109.0305404663086,21.700000762939453
2020-12-29,108.74346160888672,23.079999923706055
2020-12-30,109.04792785644531,22.770000457763672
2020-12-31,110.53541564941406,22.75
2021-01-04,109.49156951904297,26.969999313354492
2021-01-05,110.08733367919922,25.34000015258789
2021-01-06,115.25656127929688,25.06999969482422
2021-01-07,119.0414810180664,22.3700008392334
2021-01-08,119.17295837402344,21.559999465942383
2021-01-11,120.95154571533203,24.079999923706055
2021-01-12,122.85273742675781,23.329999923706055
2021-01-13,122.96668243408203,22.209999084472656
2021-01-14,123.68506622314453,23.25
2021-01-15,121.46842956542969,24.34000015258789
2021-01-19,120.94274139404297,23.239999771118164
2021-01-20,119.1291275024414,21.579999923706055
2021-01-21,118.13032531738281,21.31999969482422
2021-01-22,117.21913146972656,21.90999984741211
2021-01-25,115.75597381591797,23.190000534057617
2021-01-26,115.28285217285156,23.020000457763672
2021-01-27,112.02359771728516,37.209999084472656
2021-01-28,113.99494171142578,30.209999084472656
2021-01-29,112.73329162597656,33.09000015258789
2021-02-01,113.56562042236328,30.239999771118164
2021-02-02,117.06143188476562,25.559999465942383
2021-02-03,118.40193939208984,22.90999984741211
2021-02-04,121.12674713134766,21.770000457763672
2021-02-05,120.89018249511719,20.8700008392334
2021-02-08,122.78265380859375,21.239999771118164
2021-02-09,122.29202270507812,21.6299991607666
2021-02-10,122.36209869384766,21.989999771118164
2021-02-11,122.02043151855469,21.25
2021-02-12,123.75518798828125,19.969999313354492
2021-02-16,126.73406219482422,21.459999084472656
2021-02-17,127.1283187866211,21.5
2021-02-18,127.55764770507812,22.489999771118164
2021-02-19,129.68663024902344,22.049999237060547
2021-02-22,130.90452575683594,23.450000762939453
2021-02-23,131.95582580566406,23.110000610351562
2021-02-24,134.27764892578125,21.34000015258789
2021-02-25,132.4552764892578,28.889999389648438
2021-02-26,128.94192504882812,27.950000762939453
2021-03-01,131.8594970703125,23.350000381469727
2021-03-02,131.43016052246094,24.100000381469727
2021-03-03,133.97100830078125,26.670000076293945
2021-03-04,131.9120635986328,28.56999969482422
2021-03-05,132.21871948242188,24.65999984741211
2021-03-08,133.97100830078125,25.469999313354492
2021-03-09,133.0247802734375,24.030000686645508
2021-03-10,135.91604614257812,22.559999465942383
2021-03-11,135.20635986328125,21.90999984741211
2021-03-12,136.80970764160156,20.690000534057617
2021-03-15,136.1262969970703,20.030000686645508
2021-03-16,134.49664306640625,19.790000915527344
2021-03-17,135.8809814453125,19.229999542236328
2021-03-18,138.12388610839844,21.579999923706055
2021-03-19,135.9248046875,20.950000762939453
2021-03-22,132.27130126953125,18.8799991607666
2021-03-23,130.94827270507812,20.299999237060547
2021-03-24,131.964599609375,21.200000762939453
2021-03-25,133.65557861328125,19.809999465942383
2021-03-26,135.8809814453125,18.860000610351562
2021-03-29,133.76947021484375,20.739999771118164
2021-03-30,135.3465576171875,19.610000610351562
2021-03-31,133.3751983642578,19.399999618530273
2021-04-01,134.6719207763672,17.329999923706055
2021-04-05,135.38577270507812,17.90999984741211
2021-04-06,134.4339599609375,18.1200008392334
2021-04-07,136.54026794433594,17.15999984741211
2021-04-08,136.70770263671875,16.950000762939453
2021-04-09,137.73004150390625,16.690000534057617
2021-04-12,137.43919372558594,16.90999984741211
2021-04-13,135.7999725341797,16.649999618530273
2021-04-14,133.26185607910156,16.989999771118164
2021-04-15,134.1078643798828,16.56999969482422
2021-04-16,135.10377502441406,16.25
2021-04-19,134.53089904785156,17.290000915527344
2021-04-20,131.5520477294922,18.68000030517578
2021-04-21,132.6713409423828,17.5
2021-04-22,129.87762451171875,18.709999084472656
2021-04-23,132.36288452148438,17.329999923706055
2021-04-26,132.68896484375,17.639999389648438
2021-04-27,133.29710388183594,17.559999465942383
2021-04-28,134.16075134277344,17.280000686645508
2021-04-29,136.7694091796875,17.610000610351562
2021-04-30,135.55319213867188,18.610000610351562
2021-05-03,135.1566162109375,18.309999465942383
2021-05-04,137.0249786376953,19.479999542236328
2021-05-05,138.82284545898438,19.149999618530273
2021-05-06,141.61654663085938,18.389999389648438
2021-05-07,142.10133361816406,16.690000534057617
2021-05-10,142.08367919921875,19.65999984741211
2021-05-11,139.7217559814453,21.84000015258789
2021-05-12,138.7611846923828,27.59000015258789
2021-05-13,142.33041381835938,23.1299991607666
2021-05-14,144.54251098632812,18.809999465942383
2021-05-17,145.12416076660156,19.719999313354492
2021-05-18,143.0795440673828,21.34000015258789
2021-05-19,141.98670959472656,22.18000030517578
2021-05-20,141.73995971679688,20.670000076293945
2021-05-21,143.3527374267578,20.149999618530273
2021-05-24,144.1282958984375,18.399999618530273
2021-05-25,142.6388702392578,18.84000015258789
2021-05-26,142.62127685546875,17.360000610351562
2021-05-27,144.84217834472656,16.739999771118164
2021-05-28,144.7452392578125,16.760000228881836
2021-06-01,146.3403778076172,17.899999618530273
2021-06-02,146.34918212890625,17.479999542236328
2021-06-03,146.4461212158203,18.040000915527344
2021-06-04,146.68406677246094,16.420000076293945
2021-06-07,145.99667358398438,16.420000076293945
2021-06-08,145.41502380371094,17.06999969482422
2021-06-09,143.5995330810547,17.889999389648438
2021-06-10,141.36097717285156,16.100000381469727
2021-06-11,141.26402282714844,15.649999618530273
2021-06-14,138.86688232421875,16.389999389648438
2021-06-15,136.76058959960938,17.020000457763672
2021-06-16,137.72122192382812,18.149999618530273
2021-06-17,133.74652099609375,17.75
2021-06-18,130.36233520507812,20.700000762939453
2021-06-21,132.57440185546875,17.889999389648438
2021-06-22,132.3805389404297,16.65999984741211
2021-06-23,133.1824951171875,16.31999969482422
2021-06-24,134.4075164794922,15.970000267028809
2021-06-25,135.7647247314453,15.619999885559082
2021-06-28,136.011474609375,15.760000228881836
2021-06-29,135.84405517578125,16.020000457763672
2021-06-30,137.07785034179688,15.829999923706055
2021-07-01,138.43504333496094,15.479999542236328
2021-07-02,138.3020782470703,15.069999694824219
2021-07-06,135.97975158691406,16.440000534057617
2021-07-07,136.13934326171875,16.200000762939453
2021-07-08,133.79042053222656,19.0
2021-07-09,138.0716552734375,16.18000030517578
2021-07-12,140.04830932617188,16.170000076293945
2021-07-13,137.96531677246094,17.1200008392334
2021-07-14,137.49549865722656,16.329999923706055
2021-07-15,137.79689025878906,17.010000228881836
2021-07-16,134.65020751953125,18.450000762939453
2021-07-19,130.27149963378906,22.5
2021-07-20,132.7001953125,19.729999542236328
2021-07-21,135.4923095703125,17.90999984741211
2021-07-22,133.78158569335938,17.690000534057617
2021-07-23,133.52452087402344,17.200000762939453
2021-07-26,134.4197540283203,17.579999923706055
2021-07-27,134.24246215820312,19.360000610351562
2021-07-28,134.4640655517578,18.309999465942383
2021-07-29,135.61639404296875,17.700000762939453
2021-07-30,134.5349884033203,18.239999771118164
2021-08-02,133.99432373046875,19.459999084472656
2021-08-03,135.5188751220703,18.040000915527344
2021-08-04,134.0563507080078,17.969999313354492
2021-08-05,135.74935913085938,17.280000686645508
2021-08-06,139.60508728027344,16.149999618530273
2021-08-09,139.4544219970703,16.719999313354492
2021-08-10,141.1651153564453,16.790000915527344
2021-08-11,142.84922790527344,16.170000076293945
2021-08-12,143.4076385498047,15.59000015258789
2021-08-13,141.8032989501953,15.449999809265137
2021-08-16,140.87261962890625,16.1200008392334
2021-08-17,139.17074584960938,17.90999984741211
2021-08-18,137.9031982421875,21.56999969482422
2021-08-19,136.7509307861328,21.670000076293945
2021-08-20,137.14096069335938,18.559999465942383
2021-08-23,138.89599609375,17.149999618530273
2021-08-24,139.75575256347656,17.219999313354492
2021-08-25,142.6365203857422,16.790000915527344
2021-08-26,143.37220764160156,18.84000015258789
2021-08-27,144.5244903564453,16.389999389648438
2021-08-30,142.2110595703125,16.190000534057617
2021-08-31,141.7767333984375,16.479999542236328
2021-09-01,141.5728759765625,16.110000610351562
2021-09-02,142.228759765625,16.40999984741211
2021-09-03,141.36900329589844,16.40999984741211
2021-09-07,141.1208038330078,18.139999389648438
2021-09-08,140.49148559570312,17.959999084472656
2021-09-09,141.10308837890625,18.799999237060547
2021-09-10,139.4810028076172,20.950000762939453
2021-09-13,141.69696044921875,19.3700008392334
2021-09-14,139.2239532470703,19.459999084472656
2021-09-15,140.19009399414062,18.18000030517578
2021-09-16,140.12808227539062,18.690000534057617
2021-09-17,139.76463317871094,20.809999465942383
2021-09-20,135.58091735839844,25.709999084472656
2021-09-21,135.5986328125,24.360000610351562
2021-09-22,138.19573974609375,20.8700008392334
2021-09-23,142.86700439453125,18.6299991607666
2021-09-24,144.51564025878906,17.75
2021-09-27,148.00802612304688,18.760000228881836
2021-09-28,147.21023559570312,23.25
2021-09-29,147.0950164794922,22.559999465942383
2021-09-30,145.091796875,23.139999389648438
2021-10-01,148.14096069335938,21.100000381469727
2021-10-04,147.98138427734375,22.959999084472656
2021-10-05,150.39796447753906,21.299999237060547
2021-10-06,150.718994140625,21.0
2021-10-07,151.673095703125,19.540000915527344
2021-10-08,151.78904724121094,18.770000457763672
2021-10-11,148.5966796875,20.0
2021-10-12,147.45526123046875,19.850000381469727
2021-10-13,143.56735229492188,18.639999389648438
2021-10-14,145.7698974609375,16.860000610351562
2021-10-15,148.56993103027344,16.299999237060547
2021-10-18,148.51646423339844,16.309999465942383
2021-10-19,150.31773376464844,15.699999809265137
2021-10-20,152.34193420410156,15.489999771118164
2021-10-21,151.1470184326172,15.010000228881836
2021-10-22,153.18016052246094,15.430000305175781
2021-10-25,152.43109130859375,15.239999771118164
2021-10-26,152.8412322998047,15.979999542236328
2021-10-27,149.6578369140625,16.979999542236328
2021-10-28,151.9138641357422,16.530000686645508
2021-10-29,151.49478149414062,16.260000228881836
2021-11-01,151.41453552246094,16.40999984741211
2021-11-02,152.011962890625,16.030000686645508
2021-11-03,152.06546020507812,15.100000381469727
2021-11-04,150.0680694580078,15.4399995803833
2021-11-05,149.85400390625,16.479999542236328
2021-11-08,150.754638671875,17.219999313354492
2021-11-09,149.61325073242188,17.780000686645508
2021-11-10,149.4705352783203,18.729999542236328
2021-11-11,149.461669921875,17.65999984741211
2021-11-12,148.7928924560547,16.290000915527344
2021-11-15,148.52536010742188,16.489999771118164
2021-11-16,147.45526123046875,16.3700008392334
2021-11-17,146.66165161132812,17.110000610351562
2021-11-18,145.3953857421875,17.59000015258789
2021-11-19,143.49606323242188,17.90999984741211
2021-11-22,146.55465698242188,19.170000076293945
2021-11-23,150.05909729003906,19.3799991607666
2021-11-24,148.88201904296875,18.579999923706055
2021-11-26,144.39666748046875,28.6200008392334
2021-11-29,143.7724609375,22.959999084472656
2021-11-30,141.63232421875,27.190000534057617
2021-12-01,140.79409790039062,31.1200008392334
2021-12-02,143.75465393066406,27.950000762939453
2021-12-03,141.1508026123047,30.670000076293945
2021-12-06,142.81834411621094,27.18000030517578
2021-12-07,144.9674072265625,21.889999389648438
2021-12-08,143.30877685546875,19.899999618530273
2021-12-09,143.08583068847656,21.579999923706055
2021-12-10,142.51513671875,18.690000534057617
2021-12-13,140.82086181640625,20.309999465942383
2021-12-14,141.89984130859375,21.889999389648438
2021-12-15,140.8387451171875,19.290000915527344
2021-12-16,143.041259765625,20.56999969482422
2021-12-17,139.7864532470703,21.56999969482422
2021-12-20,137.27178955078125,22.8700008392334
2021-12-21,139.1890106201172,21.010000228881836
2021-12-22,139.73294067382812,18.6299991607666
2021-12-23,140.2323455810547,17.959999084472656
2021-12-27,141.03485107421875,17.68000030517578
2021-12-28,141.46290588378906,17.540000915527344
2021-12-29,141.39154052734375,16.950000762939453
2021-12-30,141.3202362060547,17.329999923706055
2021-12-31,141.20431518554688,17.219999313354492
2022-01-03,144.19161987304688,16.600000381469727
2022-01-04,149.6578369140625,16.90999984741211
2022-01-05,146.9217987060547,19.729999542236328
2022-01-06,148.48268127441406,19.610000610351562
2022-01-07,149.95388793945312,18.760000228881836
2022-01-10,150.09738159179688,19.399999618530273
2022-01-11,150.2499237060547,18.40999984741211
2022-01-12,151.10211181640625,17.6200008392334
2022-01-13,150.91371154785156,20.309999465942383
2022-01-14,141.63804626464844,19.190000534057617
2022-01-18,135.699462890625,22.790000915527344
2022-01-19,133.60032653808594,23.850000381469727
2022-01-20,132.4610595703125,25.59000015258789
2022-01-21,130.1466064453125,28.850000381469727
2022-01-24,130.0299530029297,29.899999618530273
2022-01-25,131.44735717773438,31.15999984741211
2022-01-26,132.6942901611328,31.959999084472656
2022-01-27,130.35293579101562,30.489999771118164
2022-01-28,131.51910400390625,27.65999984741211
2022-01-31,133.30430603027344,24.829999923706055
2022-02-01,135.59182739257812,21.959999084472656
2022-02-02,134.50636291503906,22.09000015258789
2022-02-03,133.3939971923828,24.350000381469727
2022-02-04,136.85667419433594,23.219999313354492
2022-02-07,137.31419372558594,22.860000610351562
2022-02-08,139.8977508544922,21.440000534057617
2022-02-09,140.4808349609375,19.959999084472656
2022-02-10,139.8977508544922,23.90999984741211
2022-02-11,138.07666015625,27.360000610351562
2022-02-14,136.79393005371094,28.329999923706055
2022-02-15,138.79434204101562,25.700000762939453
2022-02-16,139.0455322265625,24.290000915527344
2022-02-17,135.8429718017578,28.110000610351562
2022-02-18,136.4799346923828,27.75
2022-02-22,136.23770141601562,28.809999465942383
2022-02-23,133.38499450683594,31.020000457763672
2022-02-24,129.671142578125,30.31999969482422
2022-02-25,132.7391357421875,27.59000015258789
2022-02-28,127.20425415039062,30.149999618530273
2022-03-01,122.4049301147461,33.31999969482422
2022-03-02,124.9436264038086,30.739999771118164
2022-03-03,124.0555191040039,30.479999542236328
2022-03-04,120.56592559814453,31.979999542236328
2022-03-07,115.91014862060547,36.45000076293945
2022-03-08,115.09382629394531,35.130001068115234
2022-03-09,119.70475006103516,32.45000076293945
2022-03-10,118.28736877441406,30.229999542236328
2022-03-11,115.6230697631836,30.75
2022-03-14,116.7713394165039,31.770000457763672
2022-03-15,118.84355163574219,29.829999923706055
2022-03-16,124.15419006347656,26.670000076293945
2022-03-17,125.72406005859375,25.670000076293945
2022-03-18,125.67922973632812,23.8700008392334
2022-03-21,125.27554321289062,23.530000686645508
2022-03-22,127.9398193359375,22.940000534057617
2022-03-23,125.3921890258789,23.56999969482422
2022-03-24,126.2084732055664,21.670000076293945
2022-03-25,127.3118896484375,20.809999465942383
2022-03-28,126.36994934082031,19.6299991607666
2022-03-29,126.6480484008789,18.899999618530273
2022-03-30,126.07390594482422,19.329999923706055
2022-03-31,122.28829956054688,20.559999465942383
2022-04-01,121.38227081298828,19.6299991607666
2022-04-04,121.9205093383789,18.56999969482422
2022-04-05,120.50164031982422,21.030000686645508
2022-04-06,118.82979583740234,22.100000381469727
2022-04-07,118.46830749511719,21.549999237060547
2022-04-08,120.63723754882812,21.15999984741211
2022-04-11,120.19441223144531,24.3700008392334
2022-04-12,118.87496185302734,24.260000228881836
2022-04-13,115.04320526123047,21.81999969482422
2022-04-14,113.97684478759766,22.700000762939453
2022-04-18,116.09153747558594,22.170000076293945
2022-04-19,118.49542999267578,21.3700008392334
2022-04-20,118.91112518310547,20.31999969482422
2022-04-21,117.98931121826172,22.68000030517578
2022-04-22,114.60037231445312,28.209999084472656
2022-04-25,114.56425476074219,27.020000457763672
2022-04-26,111.17530059814453,33.52000045776367
2022-04-27,109.72935485839844,31.600000381469727
2022-04-28,111.46448516845703,29.989999771118164
2022-04-29,107.86770629882812,33.400001525878906
2022-05-02,108.8527603149414,32.34000015258789
2022-05-03,111.18433380126953,29.25
2022-05-04,114.86247253417969,25.420000076293945
2022-05-05,111.98865509033203,31.200000762939453
2022-05-06,111.80790710449219,30.190000534057617
2022-05-09,110.12699890136719,34.75
2022-05-10,107.44296264648438,32.9900016784668
2022-05-11,106.76516723632812,32.560001373291016
2022-05-12,106.67479705810547,31.770000457763672
2022-05-13,107.62370300292969,28.8700008392334
2022-05-16,106.87361145019531,27.469999313354492
2022-05-17,110.41617584228516,26.100000381469727
2022-05-18,108.52741241455078,30.959999084472656
2022-05-19,106.91879272460938,29.350000381469727
2022-05-20,106.04219055175781,29.43000030517578
2022-05-23,112.60317993164062,28.479999542236328
2022-05-24,114.1937255859375,29.450000762939453
2022-05-25,114.9889907836914,28.3700008392334
2022-05-26,116.9771728515625,27.5
2022-05-27,118.63098907470703,25.719999313354492
2022-05-31,119.49853515625,26.190000534057617
2022-06-01,117.40191650390625,25.690000534057617
2022-06-02,119.29069519042969,24.719999313354492
2022-06-03,117.62783813476562,24.790000915527344
2022-06-06,117.23924255371094,25.06999969482422
2022-06-07,117.54651641845703,24.020000457763672
2022-06-08,115.67581939697266,23.959999084472656
2022-06-09,113.24481201171875,26.09000015258789
2022-06-10,108.03941345214844,27.75
2022-06-13,104.82217407226562,34.02000045776367
2022-06-14,103.0780029296875,32.689998626708984
2022-06-15,104.29801177978516,29.6200008392334
2022-06-16,102.50863647460938,32.95000076293945
2022-06-17,102.14717102050781,31.1299991607666
2022-06-21,104.67756652832031,30.190000534057617
2022-06-22,104.09017181396484,28.950000762939453
2022-06-23,102.95147705078125,29.049999237060547
2022-06-24,106.02412414550781,27.229999542236328
2022-06-27,105.17461395263672,26.950000762939453
2022-06-28,104.66854858398438,28.360000610351562
2022-06-29,104.1986083984375,28.15999984741211
2022-06-30,101.76760864257812,28.709999084472656
2022-07-01,103.06896209716797,26.700000762939453
2022-07-05,102.67692565917969,27.540000915527344
2022-07-06,102.01138305664062,26.729999542236328
2022-07-07,104.59152221679688,26.079999923706055
2022-07-08,104.26329803466797,24.639999389648438
2022-07-11,102.89573669433594,26.170000076293945
2022-07-12,102.99601745605469,27.290000915527344
2022-07-13,102.02961730957031,26.81999969482422
2022-07-14,98.46481323242188,26.399999618530273
2022-07-15,102.97777557373047,24.229999542236328
2022-07-18,101.92020416259766,25.299999237060547
2022-07-19,104.4456558227539,24.5
2022-07-20,104.42741394042969,23.8799991607666
2022-07-21,105.13854217529297,23.110000610351562
2022-07-22,104.62799835205078,23.030000686645508
2022-07-25,105.04739379882812,23.360000610351562
2022-07-26,103.40628814697266,24.690000534057617
2022-07-27,105.06560516357422,23.239999771118164
2022-07-28,104.67356872558594,22.329999923706055
2022-07-29,105.17501068115234,21.329999923706055
2022-08-01,104.12654113769531,22.84000015258789
2022-08-02,102.50369262695312,23.93000030517578
2022-08-03,103.57953643798828,21.950000762939453
2022-08-04,102.43988800048828,21.440000534057617
2022-08-05,105.5396957397461,21.149999618530273
2022-08-08,104.25418853759766,21.290000915527344
2022-08-09,105.19324493408203,21.770000457763672
2022-08-10,107.93748474121094,19.739999771118164
2022-08-11,109.53298950195312,20.200000762939453
2022-08-12,111.3473129272461,19.530000686645508
2022-08-15,111.64815521240234,19.950000762939453
2022-08-16,112.71487426757812,19.690000534057617
2022-08-17,111.76668548583984,19.899999618530273
2022-08-18,110.90054321289062,19.559999465942383
2022-08-19,108.15631866455078,20.600000381469727
2022-08-22,106.36933898925781,23.799999237060547
2022-08-23,105.32087707519531,24.110000610351562
2022-08-24,105.57616424560547,22.81999969482422
2022-08-25,108.08338165283203,21.780000686645508
2022-08-26,104.54594421386719,25.559999465942383
2022-08-29,104.29066467285156,26.209999084472656
2022-08-30,104.30889892578125,26.209999084472656
2022-08-31,103.68892669677734,25.8700008392334
2022-09-01,104.40005493164062,25.559999465942383
2022-09-02,103.67066955566406,25.469999313354492
2022-09-06,103.69803619384766,26.90999984741211
2022-09-07,105.66734313964844,24.639999389648438
2022-09-08,108.12896728515625,23.610000610351562
2022-09-09,108.64862823486328,22.790000915527344
2022-09-12,109.93415832519531,23.8700008392334
2022-09-13,106.11408233642578,27.270000457763672
2022-09-14,105.86791229248047,26.15999984741211
2022-09-15,107.46341705322266,26.270000457763672
2022-09-16,106.74315643310547,26.299999237060547
2022-09-19,107.72782135009766,25.760000228881836
2022-09-20,105.60350799560547,27.15999984741211
2022-09-21,102.55841064453125,27.989999771118164
2022-09-22,101.39141082763672,27.350000381469727
2022-09-23,99.50416564941406,29.920000076293945
2022-09-26,97.36164093017578,32.2599983215332
2022-09-27,96.504638671875,32.599998474121094
2022-09-28,98.45570373535156,30.18000030517578
2022-09-29,96.78726959228516,31.84000015258789
2022-09-30,95.27383422851562,31.6200008392334
2022-10-03,98.21865844726562,30.100000381469727
2022-10-04,102.81369018554688,29.06999969482422
2022-10-05,101.54425811767578,28.549999237060547
2022-10-06,99.47455596923828,30.520000457763672
2022-10-07,97.48765563964844,31.360000610351562
2022-10-10,96.57697296142578,32.45000076293945
2022-10-11,93.78977966308594,33.630001068115234
2022-10-12,95.30755615234375,33.56999969482422
2022-10-13,100.60600280761719,31.940000534057617
2022-10-14,102.2801513671875,32.02000045776367
2022-10-17,106.57593536376953,31.3700008392334
2022-10-18,109.31715393066406,30.5
2022-10-19,107.17385864257812,30.760000228881836
2022-10-20,106.82429504394531,29.979999542236328
2022-10-21,112.43550109863281,29.690000534057617
2022-10-24,112.57347869873047,29.850000381469727
2022-10-25,112.8678207397461,28.459999084472656
2022-10-26,114.16484832763672,27.280000686645508
2022-10-27,114.61559295654297,27.389999389648438
2022-10-28,115.97699737548828,25.75
2022-10-31,115.79302978515625,25.8799991607666
2022-11-01,117.88111114501953,25.809999465942383
2022-11-02,116.79568481445312,25.860000610351562
2022-11-03,117.00725555419922,25.299999237060547
2022-11-04,120.2083740234375,24.549999237060547
2022-11-07,120.84307861328125,24.350000381469727
2022-11-08,120.91667938232422,25.540000915527344
2022-11-09,119.34370422363281,26.09000015258789
2022-11-10,124.25579833984375,23.530000686645508
2022-11-11,124.45819091796875,22.520000457763672
2022-11-14,123.17957305908203,23.729999542236328
2022-11-15,122.28730773925781,24.540000915527344
2022-11-16,122.45284271240234,24.110000610351562
2022-11-17,121.91932678222656,23.93000030517578
2022-11-18,123.11518096923828,23.1200008392334
2022-11-21,122.38848114013672,22.360000610351562
2022-11-22,124.218994140625,21.290000915527344
2022-11-23,125.5436019897461,20.350000381469727
2022-11-25,125.78278350830078,20.5
2022-11-28,123.5843276977539,22.209999084472656
2022-11-29,125.61722564697266,21.889999389648438
2022-11-30,127.10740661621094,20.579999923706055
2022-12-01,125.32289123535156,19.84000015258789
2022-12-02,124.32937622070312,19.059999465942383
2022-12-05,120.84307861328125,20.75
2022-12-06,121.04545593261719,22.170000076293945
2022-12-07,120.96268463134766,22.68000030517578
2022-12-08,122.23210906982422,22.290000915527344
2022-12-09,121.56981658935547,22.829999923706055
2022-12-12,123.45553588867188,25.0
2022-12-13,123.3359603881836,22.549999237060547
2022-12-14,122.7196273803711,21.139999389648438
2022-12-15,119.67486572265625,22.829999923706055
2022-12-16,118.92977142333984,22.6200008392334
2022-12-19,119.6380615234375,22.420000076293945
2022-12-20,120.21758270263672,21.479999542236328
2022-12-21,121.56981658935547,20.06999969482422
2022-12-22,120.19000244140625,21.969999313354492
2022-12-23,120.76032257080078,20.8700008392334
2022-12-27,121.1834716796875,21.649999618530273
2022-12-28,121.84574890136719,22.139999389648438
2022-12-29,122.54481506347656,21.440000534057617
2022-12-30,123.35432434082031,21.670000076293945
2023-01-03,124.29261016845703,22.899999618530273
2023-01-04,125.45162963867188,22.010000228881836
2023-01-05,125.42384338378906,22.459999084472656
2023-01-06,127.82392120361328,21.1299991607666
2023-01-09,127.29572296142578,21.969999313354492
2023-01-10,128.4355010986328,20.579999923706055
2023-01-11,129.3899688720703,21.09000015258789
2023-01-12,129.26025390625,18.829999923706055
2023-01-13,132.52207946777344,18.350000381469727
2023-01-17,130.47413635253906,19.360000610351562
2023-01-18,126.55438232421875,20.34000015258789
2023-01-19,124.86785125732422,20.520000457763672
2023-01-20,125.17363739013672,19.850000381469727
2023-01-23,127.2030258178711,19.809999465942383
2023-01-24,128.2965087890625,19.200000762939453
2023-01-25,128.9173583984375,19.079999923706055
2023-01-26,129.71429443359375,18.729999542236328
2023-01-27,130.02935791015625,18.510000228881836
2023-01-30,128.9266357421875,19.940000534057617
2023-01-31,129.69573974609375,19.399999618530273
2023-02-01,129.35289001464844,17.8700008392334
2023-02-02,128.7505645751953,18.729999542236328
2023-02-03,130.74288940429688,18.329999923706055
2023-02-06,131.51202392578125,19.43000030517578
2023-02-07,133.11512756347656,18.65999984741211
2023-02-08,132.17919921875,19.6299991607666
2023-02-09,130.12203979492188,20.709999084472656
2023-02-10,130.696533203125,20.530000686645508
2023-02-13,132.1143341064453,20.34000015258789
2023-02-14,132.69813537597656,18.90999984741211
2023-02-15,133.25411987304688,18.229999542236328
2023-02-16,131.41937255859375,20.170000076293945
2023-02-17,131.80853271484375,20.020000457763672
2023-02-21,129.3899688720703,22.8700008392334
2023-02-22,128.39840698242188,22.290000915527344
2023-02-23,129.42703247070312,21.139999389648438
2023-02-24,130.59458923339844,21.670000076293945
2023-02-27,131.7344207763672,20.950000762939453
2023-02-28,132.837158203125,20.700000762939453
2023-03-01,132.09580993652344,20.579999923706055
2023-03-02,130.724365234375,19.59000015258789
2023-03-03,133.12440490722656,18.489999771118164
2023-03-06,132.3460235595703,18.610000610351562
2023-03-07,128.45401000976562,19.59000015258789
2023-03-08,127.69413757324219,19.110000610351562
2023-03-09,120.78125,22.610000610351562
2023-03-10,123.84850311279297,24.799999237060547
2023-03-13,121.62451934814453,26.520000457763672
2023-03-14,124.74736022949219,23.729999542236328
2023-03-15,118.85379791259766,26.139999389648438
2023-03-16,121.16119384765625,22.989999771118164
2023-03-17,116.5834732055664,25.510000228881836
2023-03-20,117.81593322753906,24.149999618530273
2023-03-21,120.97586059570312,21.3799991607666
2023-03-22,117.85298919677734,22.260000228881836
2023-03-23,117.53792572021484,22.610000610351562
2023-03-24,115.74948120117188,21.739999771118164
2023-03-27,119.06694030761719,20.600000381469727
2023-03-28,119.42831420898438,19.969999313354492
2023-03-29,119.66925811767578,19.1200008392334
2023-03-30,119.307861328125,19.020000457763672
2023-03-31,120.7534408569336,18.700000762939453
2023-04-03,120.61446380615234,18.549999237060547
2023-04-04,119.0020751953125,19.0
2023-04-05,119.17951202392578,19.079999923706055
2023-04-06,119.04875946044922,18.399999618530273
2023-04-10,119.44100952148438,18.969999313354492
2023-04-11,120.02940368652344,19.100000381469727
2023-04-12,120.01070404052734,19.09000015258789
2023-04-13,120.46833801269531,17.799999237060547
2023-04-14,129.5648651123047,17.06999969482422
2023-04-17,130.59219360351562,16.950000762939453
2023-04-18,132.05848693847656,16.829999923706055
2023-04-19,131.89036560058594,16.459999084472656
2023-04-20,131.50746154785156,17.170000076293945
2023-04-21,131.25527954101562,16.770000457763672
2023-04-24,131.43275451660156,16.889999389648438
2023-04-25,128.57489013671875,18.760000228881836
2023-04-26,126.29608917236328,18.84000015258789
2023-04-27,127.995849609375,17.030000686645508
2023-04-28,129.10723876953125,15.779999732971191
2023-05-01,131.87167358398438,16.079999923706055
2023-05-02,129.7423095703125,17.780000686645508
2023-05-03,126.99654388427734,18.34000015258789
2023-05-04,125.25944519042969,20.09000015258789
2023-05-05,127.70632934570312,17.190000534057617
2023-05-08,128.0145263671875,16.979999542236328
2023-05-09,127.39810180664062,17.709999084472656
2023-05-10,127.46349334716797,16.940000534057617
2023-05-11,127.06192779541016,16.93000030517578
2023-05-12,125.2407455444336,17.030000686645508
2023-05-15,126.29608917236328,17.1200008392334
2023-05-16,125.44622039794922,17.989999771118164
2023-05-17,129.30335998535156,16.8700008392334
2023-05-18,130.28402709960938,16.049999237060547
2023-05-19,129.9851531982422,16.809999465942383
2023-05-22,128.91110229492188,17.209999084472656
2023-05-23,127.56622314453125,18.530000686645508
2023-05-24,126.39884948730469,20.030000686645508
2023-05-25,126.70703887939453,19.139999389648438
2023-05-26,127.89315795898438,17.950000762939453
2023-05-30,128.3787841796875,17.459999084472656
2023-05-31,126.74437713623047,17.940000534057617
2023-06-01,128.4908447265625,15.649999618530273
2023-06-02,131.18991088867188,14.600000381469727
2023-06-05,129.90110778808594,14.729999542236328
2023-06-06,130.1345977783203,13.960000038146973
2023-06-07,131.3953857421875,13.9399995803833
2023-06-08,131.43275451660156,13.649999618530273
2023-06-09,131.6942596435547,13.829999923706055
2023-06-12,131.68492126464844,15.010000228881836
2023-06-13,132.6375274658203,14.609999656677246
2023-06-14,132.14254760742188,13.880000114440918
2023-06-15,133.63682556152344,14.5
2023-06-16,133.7956085205078,13.539999961853027
2023-06-20,133.1138153076172,13.880000114440918
2023-06-21,132.9176788330078,13.199999809265137
2023-06-22,130.35874938964844,12.90999984741211
2023-06-23,129.67694091796875,13.4399995803833
2023-06-26,129.99449157714844,14.25
2023-06-27,130.00381469726562,13.739999771118164
2023-06-28,129.43411254882812,13.430000305175781
2023-06-29,133.95437622070312,13.539999961853027
2023-06-30,135.8316192626953,13.59000015258789
2023-07-03,136.92428588867188,13.569999694824219
2023-07-05,136.01214599609375,14.180000305175781
2023-07-06,134.66744995117188,15.4399995803833
2023-07-07,135.7300262451172,14.829999923706055
2023-07-10,136.49169921875,15.069999694824219
2023-07-11,138.62631225585938,14.84000015258789
2023-07-12,139.31277465820312,13.539999961853027
2023-07-13,139.98980712890625,13.609999656677246
2023-07-14,140.83615112304688,13.34000015258789
2023-07-17,144.23081970214844,13.479999542236328
2023-07-18,144.49411010742188,13.300000190734863
2023-07-19,145.04891967773438,13.760000228881836
2023-07-20,146.8355712890625,13.989999771118164
2023-07-21,145.70713806152344,13.600000381469727
2023-07-24,148.57521057128906,13.90999984741211
2023-07-25,147.46559143066406,13.859999656677246
2023-07-26,148.34954833984375,13.1899995803833
2023-07-27,146.71331787109375,14.40999984741211
2023-07-28,147.55023193359375,13.329999923706055
2023-07-31,148.53761291503906,13.630000114440918
2023-08-01,147.8041229248047,13.930000305175781
2023-08-02,146.1302947998047,16.09000015258789
2023-08-03,147.0236358642578,15.920000076293945
2023-08-04,146.71331787109375,17.100000381469727
2023-08-07,147.40916442871094,15.770000457763672
2023-08-08,146.5816650390625,15.989999771118164
2023-08-09,144.6163330078125,15.960000038146973
2023-08-10,144.40005493164062,15.850000381469727
2023-08-11,145.23696899414062,14.84000015258789
2023-08-14,145.53787231445312,14.819999694824219
2023-08-15,141.8329315185547,16.459999084472656
2023-08-16,141.2310791015625,16.780000686645508
2023-08-17,139.76414489746094,17.889999389648438
2023-08-18,140.0838623046875,17.299999237060547
2023-08-21,140.56344604492188,17.1299991607666
2023-08-22,137.6483612060547,16.969999313354492
2023-08-23,138.57928466796875,15.979999542236328
2023-08-24,138.44766235351562,17.200000762939453
2023-08-25,138.2783966064453,15.680000305175781
2023-08-28,138.75796508789062,15.079999923706055
2023-08-29,139.8863983154297,14.449999809265137
2023-08-30,139.32217407226562,13.880000114440918
2023-08-31,137.60133361816406,13.569999694824219
2023-09-01,138.06210327148438,13.09000015258789
2023-09-05,136.5387420654297,14.010000228881836
2023-09-06,136.3130645751953,14.449999809265137
2023-09-07,135.1470184326172,14.399999618530273
2023-09-08,135.25048828125,13.84000015258789
2023-09-11,135.8428955078125,13.800000190734863
2023-09-12,137.61073303222656,14.229999542236328
2023-09-13,137.67657470703125,13.479999542236328
2023-09-14,140.34715270996094,12.819999694824219
2023-09-15,139.9333953857422,13.789999961853027
2023-09-18,140.22488403320312,14.0
2023-09-19,140.04624938964844,14.109999656677246
2023-09-20,139.4538116455078,15.140000343322754
2023-09-21,138.363037109375,17.540000915527344
2023-09-22,137.03709411621094,17.200000762939453
2023-09-25,137.7141876220703,16.899999618530273
2023-09-26,136.28482055664062,18.940000534057617
2023-09-27,137.0841522216797,18.219999313354492
2023-09-28,138.78619384765625,17.34000015258789
2023-09-29,136.36947631835938,17.520000457763672
2023-10-02,135.19406127929688,17.610000610351562
2023-10-03,134.19728088378906,19.780000686645508
2023-10-04,134.79908752441406,18.579999923706055
2023-10-05,135.36744689941406,18.489999771118164
2023-10-06,137.45152282714844,17.450000762939453
2023-10-09,137.138916015625,17.700000762939453
2023-10-10,137.97251892089844,17.030000686645508
2023-10-11,138.44615173339844,16.09000015258789
2023-10-12,138.1240692138672,16.690000534057617
2023-10-13,140.19863891601562,19.31999969482422
2023-10-16,140.05653381347656,17.209999084472656
2023-10-17,139.75340270996094,17.8799991607666
2023-10-18,138.2188262939453,19.219999313354492
2023-10-19,137.63148498535156,21.399999618530273
2023-10-20,135.41482543945312,21.709999084472656
2023-10-23,133.56764221191406,20.3700008392334
2023-10-24,133.72866821289062,18.969999313354492
2023-10-25,132.99928283691406,20.190000534057617
2023-10-26,133.34027099609375,20.68000030517578
2023-10-27,128.5375213623047,21.270000457763672
2023-10-30,130.1763153076172,19.75
2023-10-31,131.72987365722656,18.139999389648438
2023-11-01,131.61618041992188,16.8700008392334
2023-11-02,133.96546936035156,15.65999984741211
2023-11-03,135.46221923828125,14.90999984741211
2023-11-06,136.48526000976562,14.890000343322754
2023-11-07,136.4189453125,14.8100004196167
2023-11-08,137.09152221679688,14.449999809265137
2023-11-09,136.68418884277344,15.289999961853027
2023-11-10,138.7113800048828,14.170000076293945
2023-11-13,138.09567260742188,14.760000228881836
2023-11-14,140.6154327392578,14.15999984741211
2023-11-15,141.846923828125,14.180000305175781
2023-11-16,143.46676635742188,14.319999694824219
2023-11-17,144.7645721435547,13.800000190734863
2023-11-20,145.20977783203125,13.40999984741211
2023-11-21,144.9066619873047,13.350000381469727
2023-11-22,145.24766540527344,12.850000381469727
2023-11-24,145.4466094970703,12.460000038146973
2023-11-27,145.1150665283203,12.6899995803833
2023-11-28,145.4466094970703,12.6899995803833
2023-11-29,146.18553161621094,12.979999542236328
2023-11-30,147.8527374267578,12.920000076293945
2023-12-01,148.5726776123047,12.630000114440918
2023-12-04,149.66207885742188,13.079999923706055
2023-12-05,149.6431121826172,12.850000381469727
2023-12-06,148.07061767578125,12.970000267028809
2023-12-07,148.52528381347656,13.0600004196167
2023-12-08,150.16412353515625,12.350000381469727
2023-12-11,150.71353149414062,12.630000114440918
2023-12-12,152.0586700439453,12.069999694824219
2023-12-13,152.57022094726562,12.1899995803833
2023-12-14,155.34579467773438,12.479999542236328
2023-12-15,156.52041625976562,12.279999732971191
2023-12-18,157.4677276611328,12.5600004196167
2023-12-19,159.57066345214844,12.529999732971191
2023-12-20,157.7708282470703,13.670000076293945
2023-12-21,158.67076110839844,13.649999618530273
2023-12-22,158.57603454589844,13.029999732971191
2023-12-26,159.51385498046875,12.989999771118164
2023-12-27,160.47061157226562,12.430000305175781
2023-12-28,161.3231658935547,12.470000267028809
2023-12-29,161.1337127685547,12.449999809265137
2024-01-02,163.0093536376953,13.199999809265137
2024-01-03,162.2988739013672,14.039999961853027
2024-01-04,163.37588500976562,14.130000114440918
2024-01-05,164.1956024169922,13.350000381469727
2024-01-08,163.9573211669922,13.079999923706055
2024-01-09,162.66107177734375,12.760000228881836
2024-01-10,163.00421142578125,12.6899995803833
2024-01-11,162.3179473876953,12.4399995803833
2024-01-12,161.1265106201172,12.699999809265137
2024-01-16,160.11622619628906,13.84000015258789
2024-01-17,159.25839233398438,14.789999961853027
2024-01-18,159.5729217529297,14.130000114440918
2024-01-19,162.3274688720703,13.300000190734863
2024-01-22,162.1368408203125,13.1899995803833
2024-01-23,161.06932067871094,12.550000190734863
2024-01-24,162.50857543945312,13.140000343322754
2024-01-25,164.83419799804688,13.449999809265137
2024-01-26,164.20513916015625,13.260000228881836
2024-01-29,164.634033203125,13.600000381469727
2024-01-30,168.00811767578125,13.3100004196167
2024-01-31,166.1876220703125,14.350000381469727
2024-02-01,165.58718872070312,13.880000114440918
2024-02-02,166.54031372070312,13.850000381469727
2024-02-05,166.3210906982422,13.670000076293945
2024-02-06,166.89297485351562,13.0600004196167
2024-02-07,167.20748901367188,12.829999923706055
2024-02-08,166.6070098876953,12.789999961853027
2024-02-09,166.80718994140625,12.930000305175781
2024-02-12,167.5505828857422,13.930000305175781
2024-02-13,166.0923309326172,15.850000381469727
2024-02-14,167.7793731689453,14.380000114440918
2024-02-15,171.43939208984375,14.010000228881836
2024-02-16,170.6387481689453,14.239999771118164
2024-02-20,171.30593872070312,15.420000076293945
2024-02-21,172.4210968017578,15.34000015258789
2024-02-22,174.48939514160156,14.539999961853027
2024-02-23,175.3662872314453,13.75
2024-02-26,174.7658233642578,13.739999771118164
2024-02-27,174.85159301757812,13.430000305175781
2024-02-28,175.73797607421875,13.84000015258789
2024-02-29,177.33924865722656,13.399999618530273
2024-03-01,176.6053466796875,13.109999656677246
2024-03-04,177.93019104003906,13.489999771118164
2024-03-05,179.71253967285156,14.460000038146973
2024-03-06,180.6466064453125,14.5
2024-03-07,179.06443786621094,14.4399995803833
2024-03-08,179.39801025390625,14.739999771118164
2024-03-11,179.46473693847656,15.220000267028809
2024-03-12,180.94207763671875,13.84000015258789
2024-03-13,182.409912109375,13.75
2024-03-14,179.15975952148438,14.399999618530273
2024-03-15,181.3805389404297,14.40999984741211
2024-03-18,183.62991333007812,14.329999923706055
2024-03-19,184.70697021484375,13.819999694824219
2024-03-20,187.1278839111328,13.039999961853027
2024-03-21,189.7299346923828,12.920000076293945
2024-03-22,187.404296875,13.0600004196167
2024-03-25,185.6886749267578,13.1899995803833
2024-03-26,186.55601501464844,13.239999771118164
2024-03-27,190.1683807373047,12.779999732971191
2024-03-28,190.91184997558594,13.010000228881836
2024-04-01,189.6155548095703,13.649999618530273
2024-04-02,189.539306640625,14.609999656677246
2024-04-03,189.0055694580078,14.329999923706055
2024-04-04,187.5675048828125,16.350000381469727
2024-04-05,189.2931671142578,16.030000686645508
2024-04-08,190.28060913085938,15.1899995803833
2024-04-09,189.0055694580078,14.979999542236328
2024-04-10,187.3949432373047,15.800000190734863
2024-04-11,187.35662841796875,14.90999984741211
2024-04-12,175.23876953125,17.309999465942383
2024-04-15,175.33465576171875,19.229999542236328
2024-04-16,173.33099365234375,18.399999618530273
2024-04-17,172.64071655273438,18.209999084472656
2024-04-18,173.7624053955078,18.0
2024-04-19,178.12442016601562,18.709999084472656
2024-04-22,181.58529663085938,16.940000534057617
2024-04-23,184.20254516601562,15.6899995803833
2024-04-24,185.1036834716797,15.970000267028809
2024-04-25,185.3817138671875,15.369999885559082
2024-04-26,185.49676513671875,15.029999732971191
2024-04-29,185.29542541503906,14.670000076293945
2024-04-30,183.8190460205078,15.649999618530273
2024-05-01,183.93408203125,15.390000343322754
2024-05-02,183.7423553466797,14.680000305175781
2024-05-03,182.6398468017578,13.489999771118164
2024-05-06,184.0683135986328,13.489999771118164
2024-05-07,183.82864379882812,13.229999542236328
2024-05-08,187.5675048828125,13.0
2024-05-09,189.34107971191406,12.6899995803833
2024-05-10,190.5586395263672,12.550000190734863
2024-05-13,190.52029418945312,13.600000381469727
2024-05-14,193.18540954589844,13.420000076293945
2024-05-15,193.76065063476562,12.449999809265137
2024-05-16,194.1057891845703,12.420000076293945
2024-05-17,196.3299102783203,11.989999771118164
2024-05-20,187.5004119873047,12.149999618530273
2024-05-21,191.27764892578125,11.859999656677246
2024-05-22,190.11764526367188,12.289999961853027
2024-05-23,188.78506469726562,12.770000457763672
2024-05-24,192.41851806640625,11.930000305175781
2024-05-28,191.2584686279297,12.920000076293945
2024-05-29,189.9259033203125,14.279999732971191
2024-05-30,191.09548950195312,14.470000267028809
2024-05-31,194.25917053222656,12.920000076293945
2024-06-03,193.48265075683594,13.109999656677246
2024-06-04,190.9325408935547,13.15999984741211
2024-06-05,189.1110076904297,12.630000114440918
2024-06-06,188.7754669189453,12.579999923706055
2024-06-07,191.68988037109375,12.220000267028809
2024-06-10,191.3639373779297,12.739999771118164
2024-06-11,186.33082580566406,12.850000381469727
2024-06-12,183.6177215576172,12.039999961853027
2024-06-13,185.6597442626953,11.9399995803833
2024-06-14,185.7747802734375,12.65999984741211
2024-06-17,186.92520141601562,12.75
2024-06-18,188.86175537109375,12.300000190734863
2024-06-20,190.4627685546875,13.279999732971191
2024-06-21,188.19068908691406,13.199999809265137
2024-06-24,190.66407775878906,13.329999923706055
2024-06-25,189.8875732421875,12.84000015258789
2024-06-26,189.27398681640625,12.550000190734863
2024-06-27,190.94210815429688,12.239999771118164
2024-06-28,193.90444946289062,12.4399995803833
2024-07-01,196.9626922607422,12.220000267028809
2024-07-02,200.20306396484375,12.029999732971191
2024-07-03,200.06883239746094,12.09000015258789
2024-07-05,197.4178009033203,12.479999542236328
2024-07-08,197.7841339111328,12.369999885559082
2024-07-09,200.1555938720703,12.510000228881836
2024-07-10,200.31947326660156,12.850000381469727
2024-07-11,199.9820556640625,12.920000076293945
2024-07-12,197.56243896484375,12.460000038146973
2024-07-15,202.4884796142578,13.119999885559082
2024-07-16,205.92996215820312,13.1899995803833
2024-07-17,209.0629425048828,14.479999542236328
2024-07-18,202.42098999023438,15.930000305175781
2024-07-19,202.2281951904297,16.520000457763672
2024-07-22,202.710205078125,14.90999984741211
2024-07-23,202.75839233398438,14.720000267028809
2024-07-24,201.08103942871094,18.040000915527344
2024-07-25,201.1581573486328,18.459999084472656
2024-07-26,204.59963989257812,16.389999389648438
2024-07-29,203.25967407226562,16.600000381469727
2024-07-30,207.4434356689453,17.690000534057617
2024-07-31,205.13949584960938,16.360000610351562
2024-08-01,200.47373962402344,18.59000015258789
2024-08-02,191.97120666503906,23.389999389648438
2024-08-05,187.8838348388672,38.56999969482422
2024-08-06,193.12803649902344,27.709999084472656
2024-08-07,193.18585205078125,27.850000381469727
2024-08-08,196.71409606933594,23.790000915527344
2024-08-09,198.3914794921875,20.3700008392334
2024-08-12,198.7674560546875,20.709999084472656
2024-08-13,200.45443725585938,18.1200008392334
2024-08-14,202.67164611816406,16.190000534057617
2024-08-15,203.93446350097656,15.229999542236328
2024-08-16,206.26734924316406,14.800000190734863
2024-08-19,207.694091796875,14.649999618530273
2024-08-20,206.79757690429688,15.880000114440918
2024-08-21,206.8747100830078,16.270000457763672
2024-08-22,208.8316192626953,17.549999237060547
2024-08-23,210.4511260986328,15.859999656677246
2024-08-26,211.28016662597656,16.149999618530273
2024-08-27,212.25379943847656,15.430000305175781
2024-08-28,213.32383728027344,17.110000610351562
2024-08-29,214.2107391357422,15.649999618530273
2024-08-30,216.70748901367188,15.0
2024-09-03,212.36949157714844,20.719999313354492
2024-09-04,211.43441772460938,21.31999969482422
2024-09-05,209.79562377929688,19.899999618530273
2024-09-06,204.8117218017578,22.3799991607666
2024-09-09,209.005126953125,19.450000762939453
2024-09-10,198.16009521484375,19.079999923706055
2024-09-11,199.7699737548828,17.690000534057617
2024-09-12,199.16265869140625,17.06999969482422
2024-09-13,196.96475219726562,16.559999465942383
2024-09-16,200.37730407714844,17.139999389648438
2024-09-17,201.71726989746094,17.610000610351562
2024-09-18,200.05917358398438,18.229999542236328
2024-09-19,202.90301513671875,16.329999923706055
2024-09-20,203.49102783203125,16.149999618530273
2024-09-23,203.82843017578125,15.890000343322754
2024-09-24,203.97303771972656,15.390000343322754
2024-09-25,202.62344360351562,15.40999984741211
2024-09-26,202.2281951904297,15.369999885559082
2024-09-27,202.9222869873047,16.959999084472656
2024-09-30,203.26930236816406,16.729999542236328
2024-10-01,199.5868377685547,19.260000228881836
2024-10-02,199.8278350830078,18.899999618530273
2024-10-03,197.8419952392578,20.489999771118164
2024-10-04,204.86412048339844,19.209999084472656
2024-10-07,204.58285522460938,22.639999389648438
2024-10-08,204.4082794189453,21.420000076293945
2024-10-09,206.99790954589844,20.860000610351562
2024-10-10,206.43539428710938,20.93000030517578
2024-10-11,215.6009979248047,20.459999084472656
2024-10-14,214.81536865234375,19.700000762939453
2024-10-15,215.697998046875,20.639999389648438
2024-10-16,216.910400390625,19.579999923706055
2024-10-17,217.6669158935547,19.110000610351562
2024-10-18,218.5883331298828,18.030000686645508
2024-10-21,216.28965759277344,18.3700008392334
2024-10-22,217.37594604492188,18.200000762939453
2024-10-23,216.6873016357422,19.239999771118164
2024-10-24,218.2100830078125,19.079999923706055
2024-10-25,215.6204071044922,20.329999923706055
2024-10-28,218.71441650390625,19.799999237060547
2024-10-29,216.19265747070312,19.34000015258789
2024-10-30,217.6572265625,20.350000381469727
2024-10-31,215.2421417236328,23.15999984741211
2024-11-01,216.23146057128906,21.8799991607666
2024-11-04,213.16653442382812,21.979999542236328
2024-11-05,214.82508850097656,20.489999771118164
2024-11-06,239.62567138671875,16.270000457763672
2024-11-07,229.2670440673828,15.199999809265137
2024-11-08,229.84898376464844,14.9399995803833
2024-11-11,232.08946228027344,14.970000267028809
2024-11-12,232.35133361816406,14.710000038146973
2024-11-13,233.9031982421875,14.020000457763672
2024-11-14,234.59182739257812,14.3100004196167
2024-11-15,237.92831420898438,16.139999389648438
2024-11-18,237.65673828125,15.579999923706055
2024-11-19,235.7751007080078,16.350000381469727
2024-11-20,233.53463745117188,17.15999984741211
2024-11-21,237.3948516845703,16.8700008392334
2024-11-22,241.07083129882812,15.239999771118164
2024-11-25,242.75845336914062,14.600000381469727
2024-11-26,242.44808959960938,14.100000381469727
2024-11-27,242.27349853515625,14.100000381469727
2024-11-29,242.20562744140625,13.510000228881836
2024-12-02,238.84002685546875,13.34000015258789
2024-12-03,237.45306396484375,13.300000190734863
2024-12-04,236.07579040527344,13.449999809265137
2024-12-05,238.0932159423828,13.539999961853027
2024-12-06,239.9166259765625,12.770000457763672
2024-12-09,236.4734649658203,14.1899995803833
2024-12-10,235.55203247070312,14.180000305175781
2024-12-11,236.20187377929688,13.579999923706055
2024-12-12,234.26205444335938,13.920000076293945
2024-12-13,232.7198944091797,13.8100004196167
2024-12-16,232.37074279785156,14.6899995803833
2024-12-17,231.18743896484375,15.869999885559082
2024-12-18,223.43788146972656,27.6200008392334
2024-12-19,225.949951171875,24.09000015258789
2024-12-20,230.45033264160156,18.360000610351562
2024-12-23,231.21653747558594,16.780000686645508
2024-12-24,235.01856994628906,14.270000457763672
2024-12-26,235.8236083984375,14.729999542236328
2024-12-27,233.9128875732422,15.949999809265137
2024-12-30,232.11856079101562,17.399999618530273
